"id","vendor","category","subcategory","feature","officialUrl","sourceType","sourceKey","status","blocker"
"SAL-0001","salonist","Reports & Analysis","Help Center","How can I verify which client has made a huge payment?","https://help.salonist.io/en/articles/10161837-how-can-i-verify-which-client-has-made-a-huge-payment","help_article","https://help.salonist.io/en/articles/10161837-how-can-i-verify-which-client-has-made-a-huge-payment","Unmapped","AuraShine source and UAT evidence has not been reviewed for this atomic capability."
"SAL-0002","salonist","Other Settings","Help Center","How can I add the close of business day?","https://help.salonist.io/en/articles/10162156-how-can-i-add-the-close-of-business-day","help_article","https://help.salonist.io/en/articles/10162156-how-can-i-add-the-close-of-business-day","Unmapped","AuraShine source and UAT evidence has not been reviewed for this atomic capability."
"SAL-0003","salonist","Other Settings","Help Center","How can I add a barcode reader option to Quick Sale?","https://help.salonist.io/en/articles/10162187-how-can-i-add-a-barcode-reader-option-to-quick-sale","help_article","https://help.salonist.io/en/articles/10162187-how-can-i-add-a-barcode-reader-option-to-quick-sale","Unmapped","AuraShine source and UAT evidence has not been reviewed for this atomic capability."
"SAL-0004","salonist","Getting Started","Help Center","In case of any issues, how may a client submit a support ticket?","https://help.salonist.io/en/articles/10198777-in-case-of-any-issues-how-may-a-client-submit-a-support-ticket","help_article","https://help.salonist.io/en/articles/10198777-in-case-of-any-issues-how-may-a-client-submit-a-support-ticket","Unmapped","AuraShine source and UAT evidence has not been reviewed for this atomic capability."
"SAL-0005","salonist","Client Management","Help Center","How can I add and remove notes at the time of billing?","https://help.salonist.io/en/articles/10198850-how-can-i-add-and-remove-notes-at-the-time-of-billing","help_article","https://help.salonist.io/en/articles/10198850-how-can-i-add-and-remove-notes-at-the-time-of-billing","Unmapped","AuraShine source and UAT evidence has not been reviewed for this atomic capability."
"SAL-0006","salonist","Quick Sale","Help Center","How do I remove the applied coupon code?","https://help.salonist.io/en/articles/10199567-how-do-i-remove-the-applied-coupon-code","help_article","https://help.salonist.io/en/articles/10199567-how-do-i-remove-the-applied-coupon-code","Unmapped","AuraShine source and UAT evidence has not been reviewed for this atomic capability."
"SAL-0007","salonist","Inventory Management","Help Center","How can I add a new quantity of products?","https://help.salonist.io/en/articles/10199702-how-can-i-add-a-new-quantity-of-products","help_article","https://help.salonist.io/en/articles/10199702-how-can-i-add-a-new-quantity-of-products","Unmapped","AuraShine source and UAT evidence has not been reviewed for this atomic capability."
"SAL-0008","salonist","Staff Management","Help Center","How can we edit staff check-in and check-out times?","https://help.salonist.io/en/articles/10208672-how-can-we-edit-staff-check-in-and-check-out-times","help_article","https://help.salonist.io/en/articles/10208672-how-can-we-edit-staff-check-in-and-check-out-times","Unmapped","AuraShine source and UAT evidence has not been reviewed for this atomic capability."
"SAL-0009","salonist","Staff Management","Help Center","What is the difference between ""Inactive"" and ""deleted"" Staffs?","https://help.salonist.io/en/articles/10208718-what-is-the-difference-between-inactive-and-deleted-staffs","help_article","https://help.salonist.io/en/articles/10208718-what-is-the-difference-between-inactive-and-deleted-staffs","Unmapped","AuraShine source and UAT evidence has not been reviewed for this atomic capability."
"SAL-0010","salonist","Inventory Management","Help Center","How can we view deleted product history?","https://help.salonist.io/en/articles/10208760-how-can-we-view-deleted-product-history","help_article","https://help.salonist.io/en/articles/10208760-how-can-we-view-deleted-product-history","Unmapped","AuraShine source and UAT evidence has not been reviewed for this atomic capability."
"SAL-0011","salonist","Client Management","Help Center","How to hide, unhide, and arrange fields in the client column?","https://help.salonist.io/en/articles/10208772-how-to-hide-unhide-and-arrange-fields-in-the-client-column","help_article","https://help.salonist.io/en/articles/10208772-how-to-hide-unhide-and-arrange-fields-in-the-client-column","Unmapped","AuraShine source and UAT evidence has not been reviewed for this atomic capability."
"SAL-0012","salonist","Quick Sale","Help Center","How can we resend the invoice message?","https://help.salonist.io/en/articles/10221618-how-can-we-resend-the-invoice-message","help_article","https://help.salonist.io/en/articles/10221618-how-can-we-resend-the-invoice-message","Unmapped","AuraShine source and UAT evidence has not been reviewed for this atomic capability."
"SAL-0013","salonist","Getting Started","Help Center","How can I check my current Salonist plan?","https://help.salonist.io/en/articles/10221651-how-can-i-check-my-current-salonist-plan","help_article","https://help.salonist.io/en/articles/10221651-how-can-i-check-my-current-salonist-plan","Unmapped","AuraShine source and UAT evidence has not been reviewed for this atomic capability."
"SAL-0014","salonist","Inventory Management","Help Center","Can we change the product quantity in bulk?","https://help.salonist.io/en/articles/10229275-can-we-change-the-product-quantity-in-bulk","help_article","https://help.salonist.io/en/articles/10229275-can-we-change-the-product-quantity-in-bulk","Unmapped","AuraShine source and UAT evidence has not been reviewed for this atomic capability."
"SAL-0015","salonist","Inventory Management","Help Center","How can we change product prices in bulk?","https://help.salonist.io/en/articles/10229299-how-can-we-change-product-prices-in-bulk","help_article","https://help.salonist.io/en/articles/10229299-how-can-we-change-product-prices-in-bulk","Unmapped","AuraShine source and UAT evidence has not been reviewed for this atomic capability."
"SAL-0016","salonist","Quick Sale","Help Center","How do I add or delete ewallet amount?","https://help.salonist.io/en/articles/10229331-how-do-i-add-or-delete-ewallet-amount","help_article","https://help.salonist.io/en/articles/10229331-how-do-i-add-or-delete-ewallet-amount","Unmapped","AuraShine source and UAT evidence has not been reviewed for this atomic capability."
"SAL-0017","salonist","Staff Management","Help Center","How can I copy the staff schedule?","https://help.salonist.io/en/articles/10229431-how-can-i-copy-the-staff-schedule","help_article","https://help.salonist.io/en/articles/10229431-how-can-i-copy-the-staff-schedule","Unmapped","AuraShine source and UAT evidence has not been reviewed for this atomic capability."
"SAL-0018","salonist","Client Management","Help Center","How to check the client's number of visits in the salon?","https://help.salonist.io/en/articles/10230196-how-to-check-the-client-s-number-of-visits-in-the-salon","help_article","https://help.salonist.io/en/articles/10230196-how-to-check-the-client-s-number-of-visits-in-the-salon","Unmapped","AuraShine source and UAT evidence has not been reviewed for this atomic capability."
"SAL-0019","salonist","Other Settings","Help Center","How can I enable and disable WhatsApp messages?","https://help.salonist.io/en/articles/10230445-how-can-i-enable-and-disable-whatsapp-messages","help_article","https://help.salonist.io/en/articles/10230445-how-can-i-enable-and-disable-whatsapp-messages","Unmapped","AuraShine source and UAT evidence has not been reviewed for this atomic capability."
"SAL-0020","salonist","Getting Started","Help Center","How do I delete the services?","https://help.salonist.io/en/articles/10242916-how-do-i-delete-the-services","help_article","https://help.salonist.io/en/articles/10242916-how-do-i-delete-the-services","Unmapped","AuraShine source and UAT evidence has not been reviewed for this atomic capability."
"SAL-0021","salonist","Reports & Analysis","Help Center","How can I see which invoice coupons are used?","https://help.salonist.io/en/articles/10272715-how-can-i-see-which-invoice-coupons-are-used","help_article","https://help.salonist.io/en/articles/10272715-how-can-i-see-which-invoice-coupons-are-used","Unmapped","AuraShine source and UAT evidence has not been reviewed for this atomic capability."
"SAL-0022","salonist","Marketing Settings","Help Center","How does automation work?","https://help.salonist.io/en/articles/10419375-how-does-automation-work","help_article","https://help.salonist.io/en/articles/10419375-how-does-automation-work","Unmapped","AuraShine source and UAT evidence has not been reviewed for this atomic capability."
"SAL-0023","salonist","Reports & Analysis","Help Center","How can I check which invoice coupons are being used?","https://help.salonist.io/en/articles/10505897-how-can-i-check-which-invoice-coupons-are-being-used","help_article","https://help.salonist.io/en/articles/10505897-how-can-i-check-which-invoice-coupons-are-being-used","Unmapped","AuraShine source and UAT evidence has not been reviewed for this atomic capability."
"SAL-0024","salonist","Reports & Analysis","Help Center","How can I find out which invoices use reward points?","https://help.salonist.io/en/articles/10558214-how-can-i-find-out-which-invoices-use-reward-points","help_article","https://help.salonist.io/en/articles/10558214-how-can-i-find-out-which-invoices-use-reward-points","Unmapped","AuraShine source and UAT evidence has not been reviewed for this atomic capability."
"SAL-0025","salonist","Client Management","Help Center","How ""Pet"" feature works in Salonist?","https://help.salonist.io/en/articles/10558295-how-pet-feature-works-in-salonist","help_article","https://help.salonist.io/en/articles/10558295-how-pet-feature-works-in-salonist","Unmapped","AuraShine source and UAT evidence has not been reviewed for this atomic capability."
"SAL-0026","salonist","Other Settings","Help Center","How can I add a template type for a gift card?","https://help.salonist.io/en/articles/10631509-how-can-i-add-a-template-type-for-a-gift-card","help_article","https://help.salonist.io/en/articles/10631509-how-can-i-add-a-template-type-for-a-gift-card","Unmapped","AuraShine source and UAT evidence has not been reviewed for this atomic capability."
"SAL-0027","salonist","Gift Card","Help Center","How can I add templates for gift cards?","https://help.salonist.io/en/articles/10631529-how-can-i-add-templates-for-gift-cards","help_article","https://help.salonist.io/en/articles/10631529-how-can-i-add-templates-for-gift-cards","Unmapped","AuraShine source and UAT evidence has not been reviewed for this atomic capability."
"SAL-0028","salonist","Gift Card","Help Center","What are gift card default templates?","https://help.salonist.io/en/articles/10631606-what-are-gift-card-default-templates","help_article","https://help.salonist.io/en/articles/10631606-what-are-gift-card-default-templates","Unmapped","AuraShine source and UAT evidence has not been reviewed for this atomic capability."
"SAL-0029","salonist","Gift Card","Help Center","How can I import the gift card into Salonist?","https://help.salonist.io/en/articles/10631650-how-can-i-import-the-gift-card-into-salonist","help_article","https://help.salonist.io/en/articles/10631650-how-can-i-import-the-gift-card-into-salonist","Unmapped","AuraShine source and UAT evidence has not been reviewed for this atomic capability."
"SAL-0030","salonist","Gift Card","Help Center","How to change a gift card's expiry date?","https://help.salonist.io/en/articles/10631674-how-to-change-a-gift-card-s-expiry-date","help_article","https://help.salonist.io/en/articles/10631674-how-to-change-a-gift-card-s-expiry-date","Unmapped","AuraShine source and UAT evidence has not been reviewed for this atomic capability."
"SAL-0031","salonist","Gift Card","Help Center","Is it possible to change the amount, once the gift card is generated?","https://help.salonist.io/en/articles/10631831-is-it-possible-to-change-the-amount-once-the-gift-card-is-generated","help_article","https://help.salonist.io/en/articles/10631831-is-it-possible-to-change-the-amount-once-the-gift-card-is-generated","Unmapped","AuraShine source and UAT evidence has not been reviewed for this atomic capability."
"SAL-0032","salonist","Gift Card","Help Center","After a gift card is generated, how can it be printed?","https://help.salonist.io/en/articles/10631857-after-a-gift-card-is-generated-how-can-it-be-printed","help_article","https://help.salonist.io/en/articles/10631857-after-a-gift-card-is-generated-how-can-it-be-printed","Unmapped","AuraShine source and UAT evidence has not been reviewed for this atomic capability."
"SAL-0033","salonist","Gift Card","Help Center","How to delete Gift card ?","https://help.salonist.io/en/articles/10631886-how-to-delete-gift-card","help_article","https://help.salonist.io/en/articles/10631886-how-to-delete-gift-card","Unmapped","AuraShine source and UAT evidence has not been reviewed for this atomic capability."
"SAL-0034","salonist","Other Settings","Help Center","How can a coupon be deleted once it has been generated?","https://help.salonist.io/en/articles/11064464-how-can-a-coupon-be-deleted-once-it-has-been-generated","help_article","https://help.salonist.io/en/articles/11064464-how-can-a-coupon-be-deleted-once-it-has-been-generated","Unmapped","AuraShine source and UAT evidence has not been reviewed for this atomic capability."
"SAL-0035","salonist","Other Settings","Help Center","How can I edit reward point for a specific client?","https://help.salonist.io/en/articles/11099026-how-can-i-edit-reward-point-for-a-specific-client","help_article","https://help.salonist.io/en/articles/11099026-how-can-i-edit-reward-point-for-a-specific-client","Unmapped","AuraShine source and UAT evidence has not been reviewed for this atomic capability."
"SAL-0036","salonist","Other Settings","Help Center","How to import or export expenses data?","https://help.salonist.io/en/articles/11099204-how-to-import-or-export-expenses-data","help_article","https://help.salonist.io/en/articles/11099204-how-to-import-or-export-expenses-data","Unmapped","AuraShine source and UAT evidence has not been reviewed for this atomic capability."
"SAL-0037","salonist","Other Settings","Help Center","How can we view past month's expenses?","https://help.salonist.io/en/articles/11099363-how-can-we-view-past-month-s-expenses","help_article","https://help.salonist.io/en/articles/11099363-how-can-we-view-past-month-s-expenses","Unmapped","AuraShine source and UAT evidence has not been reviewed for this atomic capability."
"SAL-0038","salonist","Client Management","Help Center","How can I check the history of a client’s reward points?","https://help.salonist.io/en/articles/11562514-how-can-i-check-the-history-of-a-client-s-reward-points","help_article","https://help.salonist.io/en/articles/11562514-how-can-i-check-the-history-of-a-client-s-reward-points","Unmapped","AuraShine source and UAT evidence has not been reviewed for this atomic capability."
"SAL-0039","salonist","Other Settings","Help Center","How to edit commission profile ?","https://help.salonist.io/en/articles/11562730-how-to-edit-commission-profile","help_article","https://help.salonist.io/en/articles/11562730-how-to-edit-commission-profile","Unmapped","AuraShine source and UAT evidence has not been reviewed for this atomic capability."
"SAL-0040","salonist","Other Settings","Help Center","How can staff be transferred to another outlet?","https://help.salonist.io/en/articles/11568694-how-can-staff-be-transferred-to-another-outlet","help_article","https://help.salonist.io/en/articles/11568694-how-can-staff-be-transferred-to-another-outlet","Unmapped","AuraShine source and UAT evidence has not been reviewed for this atomic capability."
"SAL-0041","salonist","Getting Started","Help Center","Is there a knowledge base or video demo support offered by Salonist?","https://help.salonist.io/en/articles/11568723-is-there-a-knowledge-base-or-video-demo-support-offered-by-salonist","help_article","https://help.salonist.io/en/articles/11568723-is-there-a-knowledge-base-or-video-demo-support-offered-by-salonist","Unmapped","AuraShine source and UAT evidence has not been reviewed for this atomic capability."
"SAL-0042","salonist","Reports & Analysis","Help Center","How do I download or export leads?","https://help.salonist.io/en/articles/11568753-how-do-i-download-or-export-leads","help_article","https://help.salonist.io/en/articles/11568753-how-do-i-download-or-export-leads","Unmapped","AuraShine source and UAT evidence has not been reviewed for this atomic capability."
"SAL-0043","salonist","Other Settings","Help Center","How can I delete a category in expenses?","https://help.salonist.io/en/articles/11790947-how-can-i-delete-a-category-in-expenses","help_article","https://help.salonist.io/en/articles/11790947-how-can-i-delete-a-category-in-expenses","Unmapped","AuraShine source and UAT evidence has not been reviewed for this atomic capability."
"SAL-0044","salonist","Other Settings","Help Center","How can I edit or delete expenses in Salonist?","https://help.salonist.io/en/articles/11791379-how-can-i-edit-or-delete-expenses-in-salonist","help_article","https://help.salonist.io/en/articles/11791379-how-can-i-edit-or-delete-expenses-in-salonist","Unmapped","AuraShine source and UAT evidence has not been reviewed for this atomic capability."
"SAL-0045","salonist","Booking Settings","Help Center","How can I hide services from appearing on the booking page?","https://help.salonist.io/en/articles/11798568-how-can-i-hide-services-from-appearing-on-the-booking-page","help_article","https://help.salonist.io/en/articles/11798568-how-can-i-hide-services-from-appearing-on-the-booking-page","Unmapped","AuraShine source and UAT evidence has not been reviewed for this atomic capability."
"SAL-0046","salonist","Market Place","Help Center","How can I hide client feedback from the marketplace?","https://help.salonist.io/en/articles/11798767-how-can-i-hide-client-feedback-from-the-marketplace","help_article","https://help.salonist.io/en/articles/11798767-how-can-i-hide-client-feedback-from-the-marketplace","Unmapped","AuraShine source and UAT evidence has not been reviewed for this atomic capability."
"SAL-0047","salonist","Other Settings","Help Center","How to create a Consent Form?","https://help.salonist.io/en/articles/11891636-how-to-create-a-consent-form","help_article","https://help.salonist.io/en/articles/11891636-how-to-create-a-consent-form","Unmapped","AuraShine source and UAT evidence has not been reviewed for this atomic capability."
"SAL-0048","salonist","Other Settings","Help Center","How can I reset my Salonist account password?","https://help.salonist.io/en/articles/11926755-how-can-i-reset-my-salonist-account-password","help_article","https://help.salonist.io/en/articles/11926755-how-can-i-reset-my-salonist-account-password","Unmapped","AuraShine source and UAT evidence has not been reviewed for this atomic capability."
"SAL-0049","salonist","Quick Sale","Help Center","How to generate an invoice in Salonist?","https://help.salonist.io/en/articles/12147906-how-to-generate-an-invoice-in-salonist","help_article","https://help.salonist.io/en/articles/12147906-how-to-generate-an-invoice-in-salonist","Unmapped","AuraShine source and UAT evidence has not been reviewed for this atomic capability."
"SAL-0050","salonist","Staff Management","Help Center","How to give roles to staff","https://help.salonist.io/en/articles/15679746-how-to-give-roles-to-staff","help_article","https://help.salonist.io/en/articles/15679746-how-to-give-roles-to-staff","Unmapped","AuraShine source and UAT evidence has not been reviewed for this atomic capability."
"SAL-0051","salonist","UPDATES","Help Center","How to Create Staff Roles with the New Role Management System","https://help.salonist.io/en/articles/15679768-how-to-create-staff-roles-with-the-new-role-management-system","help_article","https://help.salonist.io/en/articles/15679768-how-to-create-staff-roles-with-the-new-role-management-system","Unmapped","AuraShine source and UAT evidence has not been reviewed for this atomic capability."
"SAL-0052","salonist","Getting Started","Help Center","Manage / Change Business Logo on salonist","https://help.salonist.io/en/articles/9139931-manage-change-business-logo-on-salonist","help_article","https://help.salonist.io/en/articles/9139931-manage-change-business-logo-on-salonist","Unmapped","AuraShine source and UAT evidence has not been reviewed for this atomic capability."
"SAL-0053","salonist","Getting Started","Help Center","How can I add services in Salonist?","https://help.salonist.io/en/articles/9139940-how-can-i-add-services-in-salonist","help_article","https://help.salonist.io/en/articles/9139940-how-can-i-add-services-in-salonist","Unmapped","AuraShine source and UAT evidence has not been reviewed for this atomic capability."
"SAL-0054","salonist","Getting Started","Help Center","Manage/ Customize the own profile page on Salonist?","https://help.salonist.io/en/articles/9140131-manage-customize-the-own-profile-page-on-salonist","help_article","https://help.salonist.io/en/articles/9140131-manage-customize-the-own-profile-page-on-salonist","Unmapped","AuraShine source and UAT evidence has not been reviewed for this atomic capability."
"SAL-0055","salonist","Getting Started","Help Center","How are the services imported or exported?","https://help.salonist.io/en/articles/9140242-how-are-the-services-imported-or-exported","help_article","https://help.salonist.io/en/articles/9140242-how-are-the-services-imported-or-exported","Unmapped","AuraShine source and UAT evidence has not been reviewed for this atomic capability."
"SAL-0056","salonist","Getting Started","Help Center","How can I Add packages in Salonist?","https://help.salonist.io/en/articles/9140383-how-can-i-add-packages-in-salonist","help_article","https://help.salonist.io/en/articles/9140383-how-can-i-add-packages-in-salonist","Unmapped","AuraShine source and UAT evidence has not been reviewed for this atomic capability."
"SAL-0057","salonist","Getting Started","Help Center","How can I change the services' name and price?","https://help.salonist.io/en/articles/9140424-how-can-i-change-the-services-name-and-price","help_article","https://help.salonist.io/en/articles/9140424-how-can-i-change-the-services-name-and-price","Unmapped","AuraShine source and UAT evidence has not been reviewed for this atomic capability."
"SAL-0058","salonist","Getting Started","Help Center","How can I keep track of my expenses in Salonist ?","https://help.salonist.io/en/articles/9143993-how-can-i-keep-track-of-my-expenses-in-salonist","help_article","https://help.salonist.io/en/articles/9143993-how-can-i-keep-track-of-my-expenses-in-salonist","Unmapped","AuraShine source and UAT evidence has not been reviewed for this atomic capability."
"SAL-0059","salonist","Staff Management","Help Center","How a staff member be Added in Salonist?","https://help.salonist.io/en/articles/9144005-how-a-staff-member-be-added-in-salonist","help_article","https://help.salonist.io/en/articles/9144005-how-a-staff-member-be-added-in-salonist","Unmapped","AuraShine source and UAT evidence has not been reviewed for this atomic capability."
"SAL-0060","salonist","Staff Management","Help Center","How to add breaks for staff?","https://help.salonist.io/en/articles/9144089-how-to-add-breaks-for-staff","help_article","https://help.salonist.io/en/articles/9144089-how-to-add-breaks-for-staff","Unmapped","AuraShine source and UAT evidence has not been reviewed for this atomic capability."
"SAL-0061","salonist","Staff Management","Help Center","How can the staff attendance be added?","https://help.salonist.io/en/articles/9144110-how-can-the-staff-attendance-be-added","help_article","https://help.salonist.io/en/articles/9144110-how-can-the-staff-attendance-be-added","Unmapped","AuraShine source and UAT evidence has not been reviewed for this atomic capability."
"SAL-0062","salonist","Staff Management","Help Center","How can I get my deleted staff back?","https://help.salonist.io/en/articles/9144134-how-can-i-get-my-deleted-staff-back","help_article","https://help.salonist.io/en/articles/9144134-how-can-i-get-my-deleted-staff-back","Unmapped","AuraShine source and UAT evidence has not been reviewed for this atomic capability."
"SAL-0063","salonist","Staff Management","Help Center","How can we reset the staff password?","https://help.salonist.io/en/articles/9144210-how-can-we-reset-the-staff-password","help_article","https://help.salonist.io/en/articles/9144210-how-can-we-reset-the-staff-password","Unmapped","AuraShine source and UAT evidence has not been reviewed for this atomic capability."
"SAL-0064","salonist","Staff Management","Help Center","How can the staff details be edited?","https://help.salonist.io/en/articles/9144392-how-can-the-staff-details-be-edited","help_article","https://help.salonist.io/en/articles/9144392-how-can-the-staff-details-be-edited","Unmapped","AuraShine source and UAT evidence has not been reviewed for this atomic capability."
"SAL-0065","salonist","Staff Management","Help Center","How staff can mark the Attendance ?","https://help.salonist.io/en/articles/9144434-how-staff-can-mark-the-attendance","help_article","https://help.salonist.io/en/articles/9144434-how-staff-can-mark-the-attendance","Unmapped","AuraShine source and UAT evidence has not been reviewed for this atomic capability."
"SAL-0066","salonist","Staff Management","Help Center","How to delete the staff?","https://help.salonist.io/en/articles/9144460-how-to-delete-the-staff","help_article","https://help.salonist.io/en/articles/9144460-how-to-delete-the-staff","Unmapped","AuraShine source and UAT evidence has not been reviewed for this atomic capability."
"SAL-0067","salonist","Staff Management","Help Center","How to assign a commission Profile?","https://help.salonist.io/en/articles/9144625-how-to-assign-a-commission-profile","help_article","https://help.salonist.io/en/articles/9144625-how-to-assign-a-commission-profile","Unmapped","AuraShine source and UAT evidence has not been reviewed for this atomic capability."
"SAL-0068","salonist","Staff Management","Help Center","How can I allocate services to my staff based on their Capabilities?","https://help.salonist.io/en/articles/9144660-how-can-i-allocate-services-to-my-staff-based-on-their-capabilities","help_article","https://help.salonist.io/en/articles/9144660-how-can-i-allocate-services-to-my-staff-based-on-their-capabilities","Unmapped","AuraShine source and UAT evidence has not been reviewed for this atomic capability."
"SAL-0069","salonist","Staff Management","Help Center","How can the staff tips be added to the salonist?","https://help.salonist.io/en/articles/9144736-how-can-the-staff-tips-be-added-to-the-salonist","help_article","https://help.salonist.io/en/articles/9144736-how-can-the-staff-tips-be-added-to-the-salonist","Unmapped","AuraShine source and UAT evidence has not been reviewed for this atomic capability."
"SAL-0070","salonist","Client Management","Help Center","How can I add a client to the salonist ?","https://help.salonist.io/en/articles/9144781-how-can-i-add-a-client-to-the-salonist","help_article","https://help.salonist.io/en/articles/9144781-how-can-i-add-a-client-to-the-salonist","Unmapped","AuraShine source and UAT evidence has not been reviewed for this atomic capability."
"SAL-0071","salonist","Client Management","Help Center","How can I look up a client's outstanding payments?","https://help.salonist.io/en/articles/9144931-how-can-i-look-up-a-client-s-outstanding-payments","help_article","https://help.salonist.io/en/articles/9144931-how-can-i-look-up-a-client-s-outstanding-payments","Unmapped","AuraShine source and UAT evidence has not been reviewed for this atomic capability."
"SAL-0072","salonist","Client Management","Help Center","What is meant by the terms ""active & inactive period""?","https://help.salonist.io/en/articles/9144951-what-is-meant-by-the-terms-active-inactive-period","help_article","https://help.salonist.io/en/articles/9144951-what-is-meant-by-the-terms-active-inactive-period","Unmapped","AuraShine source and UAT evidence has not been reviewed for this atomic capability."
"SAL-0073","salonist","Client Management","Help Center","Can I add other fields, like the villa number and additional details for the customers?","https://help.salonist.io/en/articles/9144979-can-i-add-other-fields-like-the-villa-number-and-additional-details-for-the-customers","help_article","https://help.salonist.io/en/articles/9144979-can-i-add-other-fields-like-the-villa-number-and-additional-details-for-the-customers","Unmapped","AuraShine source and UAT evidence has not been reviewed for this atomic capability."
"SAL-0074","salonist","Client Management","Help Center","How can I add a Client group?","https://help.salonist.io/en/articles/9144999-how-can-i-add-a-client-group","help_article","https://help.salonist.io/en/articles/9144999-how-can-i-add-a-client-group","Unmapped","AuraShine source and UAT evidence has not been reviewed for this atomic capability."
"SAL-0075","salonist","Client Management","Help Center","How can I change or remove a client group?","https://help.salonist.io/en/articles/9147969-how-can-i-change-or-remove-a-client-group","help_article","https://help.salonist.io/en/articles/9147969-how-can-i-change-or-remove-a-client-group","Unmapped","AuraShine source and UAT evidence has not been reviewed for this atomic capability."
"SAL-0076","salonist","Client Management","Help Center","How to add client notes?","https://help.salonist.io/en/articles/9147992-how-to-add-client-notes","help_article","https://help.salonist.io/en/articles/9147992-how-to-add-client-notes","Unmapped","AuraShine source and UAT evidence has not been reviewed for this atomic capability."
"SAL-0077","salonist","Client Management","Help Center","How can I look up a client's history?","https://help.salonist.io/en/articles/9148003-how-can-i-look-up-a-client-s-history","help_article","https://help.salonist.io/en/articles/9148003-how-can-i-look-up-a-client-s-history","Unmapped","AuraShine source and UAT evidence has not been reviewed for this atomic capability."
"SAL-0078","salonist","Client Management","Help Center","How can the client be deleted?","https://help.salonist.io/en/articles/9148052-how-can-the-client-be-deleted","help_article","https://help.salonist.io/en/articles/9148052-how-can-the-client-be-deleted","Unmapped","AuraShine source and UAT evidence has not been reviewed for this atomic capability."
"SAL-0079","salonist","Client Management","Help Center","""How can we Import or Export the clients?""","https://help.salonist.io/en/articles/9148078-how-can-we-import-or-export-the-clients","help_article","https://help.salonist.io/en/articles/9148078-how-can-we-import-or-export-the-clients","Unmapped","AuraShine source and UAT evidence has not been reviewed for this atomic capability."
"SAL-0080","salonist","Appointment Management","Help Center","How do I book a room appointment?","https://help.salonist.io/en/articles/9148105-how-do-i-book-a-room-appointment","help_article","https://help.salonist.io/en/articles/9148105-how-do-i-book-a-room-appointment","Unmapped","AuraShine source and UAT evidence has not been reviewed for this atomic capability."
"SAL-0081","salonist","Appointment Management","Help Center","How can an appointment be manually booked?","https://help.salonist.io/en/articles/9148147-how-can-an-appointment-be-manually-booked","help_article","https://help.salonist.io/en/articles/9148147-how-can-an-appointment-be-manually-booked","Unmapped","AuraShine source and UAT evidence has not been reviewed for this atomic capability."
"SAL-0082","salonist","Appointment Management","Help Center","How do I generate an invoice once an appointment is completed?","https://help.salonist.io/en/articles/9148382-how-do-i-generate-an-invoice-once-an-appointment-is-completed","help_article","https://help.salonist.io/en/articles/9148382-how-do-i-generate-an-invoice-once-an-appointment-is-completed","Unmapped","AuraShine source and UAT evidence has not been reviewed for this atomic capability."
"SAL-0083","salonist","Appointment Management","Help Center","How do I enable the room feature?","https://help.salonist.io/en/articles/9148438-how-do-i-enable-the-room-feature","help_article","https://help.salonist.io/en/articles/9148438-how-do-i-enable-the-room-feature","Unmapped","AuraShine source and UAT evidence has not been reviewed for this atomic capability."
"SAL-0084","salonist","Appointment Management","Help Center","How can I delete an appointment?","https://help.salonist.io/en/articles/9148547-how-can-i-delete-an-appointment","help_article","https://help.salonist.io/en/articles/9148547-how-can-i-delete-an-appointment","Unmapped","AuraShine source and UAT evidence has not been reviewed for this atomic capability."
"SAL-0085","salonist","Appointment Management","Help Center","How to add advance payment while appointment booking?","https://help.salonist.io/en/articles/9148587-how-to-add-advance-payment-while-appointment-booking","help_article","https://help.salonist.io/en/articles/9148587-how-to-add-advance-payment-while-appointment-booking","Unmapped","AuraShine source and UAT evidence has not been reviewed for this atomic capability."
"SAL-0086","salonist","Appointment Management","Help Center","Can we add blocked time for staff calendar ?","https://help.salonist.io/en/articles/9148659-can-we-add-blocked-time-for-staff-calendar","help_article","https://help.salonist.io/en/articles/9148659-can-we-add-blocked-time-for-staff-calendar","Unmapped","AuraShine source and UAT evidence has not been reviewed for this atomic capability."
"SAL-0087","salonist","Inventory Management","Help Center","Can we delete multiple products?","https://help.salonist.io/en/articles/9148806-can-we-delete-multiple-products","help_article","https://help.salonist.io/en/articles/9148806-can-we-delete-multiple-products","Unmapped","AuraShine source and UAT evidence has not been reviewed for this atomic capability."
"SAL-0088","salonist","Inventory Management","Help Center","How to add products in Salonist?","https://help.salonist.io/en/articles/9148860-how-to-add-products-in-salonist","help_article","https://help.salonist.io/en/articles/9148860-how-to-add-products-in-salonist","Unmapped","AuraShine source and UAT evidence has not been reviewed for this atomic capability."
"SAL-0089","salonist","Inventory Management","Help Center","How to add product brand in salonist?","https://help.salonist.io/en/articles/9148954-how-to-add-product-brand-in-salonist","help_article","https://help.salonist.io/en/articles/9148954-how-to-add-product-brand-in-salonist","Unmapped","AuraShine source and UAT evidence has not been reviewed for this atomic capability."
"SAL-0090","salonist","Inventory Management","Help Center","How to add product type in salonist?","https://help.salonist.io/en/articles/9148975-how-to-add-product-type-in-salonist","help_article","https://help.salonist.io/en/articles/9148975-how-to-add-product-type-in-salonist","Unmapped","AuraShine source and UAT evidence has not been reviewed for this atomic capability."
"SAL-0091","salonist","Inventory Management","Help Center","How can the stock history be viewed, and is it printable?","https://help.salonist.io/en/articles/9149057-how-can-the-stock-history-be-viewed-and-is-it-printable","help_article","https://help.salonist.io/en/articles/9149057-how-can-the-stock-history-be-viewed-and-is-it-printable","Unmapped","AuraShine source and UAT evidence has not been reviewed for this atomic capability."
"SAL-0092","salonist","Inventory Management","Help Center","How to raise the request for more quantity of the product from warehouse ?","https://help.salonist.io/en/articles/9149122-how-to-raise-the-request-for-more-quantity-of-the-product-from-warehouse","help_article","https://help.salonist.io/en/articles/9149122-how-to-raise-the-request-for-more-quantity-of-the-product-from-warehouse","Unmapped","AuraShine source and UAT evidence has not been reviewed for this atomic capability."
"SAL-0093","salonist","Inventory Management","Help Center","How may Inventory (stock) be returned to the warehouse?","https://help.salonist.io/en/articles/9153868-how-may-inventory-stock-be-returned-to-the-warehouse","help_article","https://help.salonist.io/en/articles/9153868-how-may-inventory-stock-be-returned-to-the-warehouse","Unmapped","AuraShine source and UAT evidence has not been reviewed for this atomic capability."
"SAL-0094","salonist","Inventory Management","Help Center","How to add vendor?","https://help.salonist.io/en/articles/9153884-how-to-add-vendor","help_article","https://help.salonist.io/en/articles/9153884-how-to-add-vendor","Unmapped","AuraShine source and UAT evidence has not been reviewed for this atomic capability."
"SAL-0095","salonist","Inventory Management","Help Center","How can I check Retail or in-house products?","https://help.salonist.io/en/articles/9153903-how-can-i-check-retail-or-in-house-products","help_article","https://help.salonist.io/en/articles/9153903-how-can-i-check-retail-or-in-house-products","Unmapped","AuraShine source and UAT evidence has not been reviewed for this atomic capability."
"SAL-0096","salonist","Inventory Management","Help Center","How are the products imported or exported?","https://help.salonist.io/en/articles/9153923-how-are-the-products-imported-or-exported","help_article","https://help.salonist.io/en/articles/9153923-how-are-the-products-imported-or-exported","Unmapped","AuraShine source and UAT evidence has not been reviewed for this atomic capability."
"SAL-0097","salonist","Inventory Management","Help Center","How can I check which products are out of stock and low stock?","https://help.salonist.io/en/articles/9153934-how-can-i-check-which-products-are-out-of-stock-and-low-stock","help_article","https://help.salonist.io/en/articles/9153934-how-can-i-check-which-products-are-out-of-stock-and-low-stock","Unmapped","AuraShine source and UAT evidence has not been reviewed for this atomic capability."
"SAL-0098","salonist","TAX and BILL Settings","Help Center","How can I manage the tax settings?","https://help.salonist.io/en/articles/9153966-how-can-i-manage-the-tax-settings","help_article","https://help.salonist.io/en/articles/9153966-how-can-i-manage-the-tax-settings","Unmapped","AuraShine source and UAT evidence has not been reviewed for this atomic capability."
"SAL-0099","salonist","Client Management","Help Center","How may a salonist add a client's advance or extra payment?","https://help.salonist.io/en/articles/9153983-how-may-a-salonist-add-a-client-s-advance-or-extra-payment","help_article","https://help.salonist.io/en/articles/9153983-how-may-a-salonist-add-a-client-s-advance-or-extra-payment","Unmapped","AuraShine source and UAT evidence has not been reviewed for this atomic capability."
"SAL-0100","salonist","Reports & Analysis","Help Center","How can I view the Salonist cancelled Invoice list?","https://help.salonist.io/en/articles/9154025-how-can-i-view-the-salonist-cancelled-invoice-list","help_article","https://help.salonist.io/en/articles/9154025-how-can-i-view-the-salonist-cancelled-invoice-list","Unmapped","AuraShine source and UAT evidence has not been reviewed for this atomic capability."
"SAL-0101","salonist","Reports & Analysis","Help Center","In according to the bill number, how can I find the sales list?","https://help.salonist.io/en/articles/9154204-in-according-to-the-bill-number-how-can-i-find-the-sales-list","help_article","https://help.salonist.io/en/articles/9154204-in-according-to-the-bill-number-how-can-i-find-the-sales-list","Unmapped","AuraShine source and UAT evidence has not been reviewed for this atomic capability."
"SAL-0102","salonist","Reports & Analysis","Help Center","How can i check the sales according to services?","https://help.salonist.io/en/articles/9154490-how-can-i-check-the-sales-according-to-services","help_article","https://help.salonist.io/en/articles/9154490-how-can-i-check-the-sales-according-to-services","Unmapped","AuraShine source and UAT evidence has not been reviewed for this atomic capability."
"SAL-0103","salonist","Reports & Analysis","Help Center","How can i get the staff sales?","https://help.salonist.io/en/articles/9154640-how-can-i-get-the-staff-sales","help_article","https://help.salonist.io/en/articles/9154640-how-can-i-get-the-staff-sales","Unmapped","AuraShine source and UAT evidence has not been reviewed for this atomic capability."
"SAL-0104","salonist","Reports & Analysis","Help Center","How can I see the package sales?","https://help.salonist.io/en/articles/9154790-how-can-i-see-the-package-sales","help_article","https://help.salonist.io/en/articles/9154790-how-can-i-see-the-package-sales","Unmapped","AuraShine source and UAT evidence has not been reviewed for this atomic capability."
"SAL-0105","salonist","TAX and BILL Settings","Help Center","How can I view tax value of each sale?","https://help.salonist.io/en/articles/9154833-how-can-i-view-tax-value-of-each-sale","help_article","https://help.salonist.io/en/articles/9154833-how-can-i-view-tax-value-of-each-sale","Unmapped","AuraShine source and UAT evidence has not been reviewed for this atomic capability."
"SAL-0106","salonist","Reports & Analysis","Help Center","How can I see Deleted Invoice and how to Recover it ?","https://help.salonist.io/en/articles/9155074-how-can-i-see-deleted-invoice-and-how-to-recover-it","help_article","https://help.salonist.io/en/articles/9155074-how-can-i-see-deleted-invoice-and-how-to-recover-it","Unmapped","AuraShine source and UAT evidence has not been reviewed for this atomic capability."
"SAL-0107","salonist","Reports & Analysis","Help Center","How can I see daily sales ?","https://help.salonist.io/en/articles/9155143-how-can-i-see-daily-sales","help_article","https://help.salonist.io/en/articles/9155143-how-can-i-see-daily-sales","Unmapped","AuraShine source and UAT evidence has not been reviewed for this atomic capability."
"SAL-0108","salonist","Reports & Analysis","Help Center","How can I view reward list?","https://help.salonist.io/en/articles/9155165-how-can-i-view-reward-list","help_article","https://help.salonist.io/en/articles/9155165-how-can-i-view-reward-list","Unmapped","AuraShine source and UAT evidence has not been reviewed for this atomic capability."
"SAL-0109","salonist","Reports & Analysis","Help Center","How can I see pending package list?","https://help.salonist.io/en/articles/9157998-how-can-i-see-pending-package-list","help_article","https://help.salonist.io/en/articles/9157998-how-can-i-see-pending-package-list","Unmapped","AuraShine source and UAT evidence has not been reviewed for this atomic capability."
"SAL-0110","salonist","Reports & Analysis","Help Center","How can I see payroll list?","https://help.salonist.io/en/articles/9158004-how-can-i-see-payroll-list","help_article","https://help.salonist.io/en/articles/9158004-how-can-i-see-payroll-list","Unmapped","AuraShine source and UAT evidence has not been reviewed for this atomic capability."
"SAL-0111","salonist","Reports & Analysis","Help Center","How can I see customer feedback list?","https://help.salonist.io/en/articles/9158006-how-can-i-see-customer-feedback-list","help_article","https://help.salonist.io/en/articles/9158006-how-can-i-see-customer-feedback-list","Unmapped","AuraShine source and UAT evidence has not been reviewed for this atomic capability."
"SAL-0112","salonist","Reports & Analysis","Help Center","How can I see my membership sales list?","https://help.salonist.io/en/articles/9158016-how-can-i-see-my-membership-sales-list","help_article","https://help.salonist.io/en/articles/9158016-how-can-i-see-my-membership-sales-list","Unmapped","AuraShine source and UAT evidence has not been reviewed for this atomic capability."
"SAL-0113","salonist","Reports & Analysis","Help Center","How to check different mode of payments or transactions ?","https://help.salonist.io/en/articles/9158022-how-to-check-different-mode-of-payments-or-transactions","help_article","https://help.salonist.io/en/articles/9158022-how-to-check-different-mode-of-payments-or-transactions","Unmapped","AuraShine source and UAT evidence has not been reviewed for this atomic capability."
"SAL-0114","salonist","Reports & Analysis","Help Center","How to view staff revenue?","https://help.salonist.io/en/articles/9158026-how-to-view-staff-revenue","help_article","https://help.salonist.io/en/articles/9158026-how-to-view-staff-revenue","Unmapped","AuraShine source and UAT evidence has not been reviewed for this atomic capability."
"SAL-0115","salonist","Integrations","Help Center","How to link Booking page with website?","https://help.salonist.io/en/articles/9158028-how-to-link-booking-page-with-website","help_article","https://help.salonist.io/en/articles/9158028-how-to-link-booking-page-with-website","Unmapped","AuraShine source and UAT evidence has not been reviewed for this atomic capability."
"SAL-0116","salonist","Integrations","Help Center","Can I sink my customers with mailchimp?","https://help.salonist.io/en/articles/9158037-can-i-sink-my-customers-with-mailchimp","help_article","https://help.salonist.io/en/articles/9158037-can-i-sink-my-customers-with-mailchimp","Unmapped","AuraShine source and UAT evidence has not been reviewed for this atomic capability."
"SAL-0117","salonist","Integrations","Help Center","Can I link the system with the get response?","https://help.salonist.io/en/articles/9158043-can-i-link-the-system-with-the-get-response","help_article","https://help.salonist.io/en/articles/9158043-can-i-link-the-system-with-the-get-response","Unmapped","AuraShine source and UAT evidence has not been reviewed for this atomic capability."
"SAL-0118","salonist","Integrations","Help Center","Can i integrate stripe with salonist?","https://help.salonist.io/en/articles/9158047-can-i-integrate-stripe-with-salonist","help_article","https://help.salonist.io/en/articles/9158047-can-i-integrate-stripe-with-salonist","Unmapped","AuraShine source and UAT evidence has not been reviewed for this atomic capability."
"SAL-0119","salonist","Integrations","Help Center","How can I integrate salonist paypal?","https://help.salonist.io/en/articles/9158052-how-can-i-integrate-salonist-paypal","help_article","https://help.salonist.io/en/articles/9158052-how-can-i-integrate-salonist-paypal","Unmapped","AuraShine source and UAT evidence has not been reviewed for this atomic capability."
"SAL-0120","salonist","Integrations","Help Center","How to add the Facebook Pixel on the booking page?","https://help.salonist.io/en/articles/9158055-how-to-add-the-facebook-pixel-on-the-booking-page","help_article","https://help.salonist.io/en/articles/9158055-how-to-add-the-facebook-pixel-on-the-booking-page","Unmapped","AuraShine source and UAT evidence has not been reviewed for this atomic capability."
"SAL-0121","salonist","Integrations","Help Center","How can I link the booking page with my wix website?","https://help.salonist.io/en/articles/9158058-how-can-i-link-the-booking-page-with-my-wix-website","help_article","https://help.salonist.io/en/articles/9158058-how-can-i-link-the-booking-page-with-my-wix-website","Unmapped","AuraShine source and UAT evidence has not been reviewed for this atomic capability."
"SAL-0122","salonist","Integrations","Help Center","How can I link the booking page with weebly web page?","https://help.salonist.io/en/articles/9158065-how-can-i-link-the-booking-page-with-weebly-web-page","help_article","https://help.salonist.io/en/articles/9158065-how-can-i-link-the-booking-page-with-weebly-web-page","Unmapped","AuraShine source and UAT evidence has not been reviewed for this atomic capability."
"SAL-0123","salonist","Integrations","Help Center","How to do SMS API integration?","https://help.salonist.io/en/articles/9158069-how-to-do-sms-api-integration","help_article","https://help.salonist.io/en/articles/9158069-how-to-do-sms-api-integration","Unmapped","AuraShine source and UAT evidence has not been reviewed for this atomic capability."
"SAL-0124","salonist","Integrations","Help Center","How to integrate salonist with woocommerce ?","https://help.salonist.io/en/articles/9158076-how-to-integrate-salonist-with-woocommerce","help_article","https://help.salonist.io/en/articles/9158076-how-to-integrate-salonist-with-woocommerce","Unmapped","AuraShine source and UAT evidence has not been reviewed for this atomic capability."
"SAL-0125","salonist","Integrations","Help Center","How to integrate salonist with shopify store?","https://help.salonist.io/en/articles/9158077-how-to-integrate-salonist-with-shopify-store","help_article","https://help.salonist.io/en/articles/9158077-how-to-integrate-salonist-with-shopify-store","Unmapped","AuraShine source and UAT evidence has not been reviewed for this atomic capability."
"SAL-0126","salonist","Integrations","Help Center","How to integrate Authorize.Net with my salonist?","https://help.salonist.io/en/articles/9158082-how-to-integrate-authorize-net-with-my-salonist","help_article","https://help.salonist.io/en/articles/9158082-how-to-integrate-authorize-net-with-my-salonist","Unmapped","AuraShine source and UAT evidence has not been reviewed for this atomic capability."
"SAL-0127","salonist","Integrations","Help Center","Can we integrate square payment with my salonist?","https://help.salonist.io/en/articles/9158141-can-we-integrate-square-payment-with-my-salonist","help_article","https://help.salonist.io/en/articles/9158141-can-we-integrate-square-payment-with-my-salonist","Unmapped","AuraShine source and UAT evidence has not been reviewed for this atomic capability."
"SAL-0128","salonist","Marketing Settings","Help Center","How to run SMS campaigns?","https://help.salonist.io/en/articles/9158148-how-to-run-sms-campaigns","help_article","https://help.salonist.io/en/articles/9158148-how-to-run-sms-campaigns","Unmapped","AuraShine source and UAT evidence has not been reviewed for this atomic capability."
"SAL-0129","salonist","Marketing Settings","Help Center","How to set referral system for clients?","https://help.salonist.io/en/articles/9158163-how-to-set-referral-system-for-clients","help_article","https://help.salonist.io/en/articles/9158163-how-to-set-referral-system-for-clients","Unmapped","AuraShine source and UAT evidence has not been reviewed for this atomic capability."
"SAL-0130","salonist","Marketing Settings","Help Center","How does coupons work and How its beneficial ?","https://help.salonist.io/en/articles/9158167-how-does-coupons-work-and-how-its-beneficial","help_article","https://help.salonist.io/en/articles/9158167-how-does-coupons-work-and-how-its-beneficial","Unmapped","AuraShine source and UAT evidence has not been reviewed for this atomic capability."
"SAL-0131","salonist","Marketing Settings","Help Center","How to add gift card?","https://help.salonist.io/en/articles/9158179-how-to-add-gift-card","help_article","https://help.salonist.io/en/articles/9158179-how-to-add-gift-card","Unmapped","AuraShine source and UAT evidence has not been reviewed for this atomic capability."
"SAL-0132","salonist","Booking Settings","Help Center","How can we change the booking time slot?","https://help.salonist.io/en/articles/9158192-how-can-we-change-the-booking-time-slot","help_article","https://help.salonist.io/en/articles/9158192-how-can-we-change-the-booking-time-slot","Unmapped","AuraShine source and UAT evidence has not been reviewed for this atomic capability."
"SAL-0133","salonist","Booking Settings","Help Center","How to enable OTP verification after booking an online appointment?","https://help.salonist.io/en/articles/9158201-how-to-enable-otp-verification-after-booking-an-online-appointment","help_article","https://help.salonist.io/en/articles/9158201-how-to-enable-otp-verification-after-booking-an-online-appointment","Unmapped","AuraShine source and UAT evidence has not been reviewed for this atomic capability."
"SAL-0134","salonist","Booking Settings","Help Center","How can I sell packages and memberships on the online booking page?","https://help.salonist.io/en/articles/9158212-how-can-i-sell-packages-and-memberships-on-the-online-booking-page","help_article","https://help.salonist.io/en/articles/9158212-how-can-i-sell-packages-and-memberships-on-the-online-booking-page","Unmapped","AuraShine source and UAT evidence has not been reviewed for this atomic capability."
"SAL-0135","salonist","Getting Started","Help Center","How Multiple location works ?","https://help.salonist.io/en/articles/9158227-how-multiple-location-works","help_article","https://help.salonist.io/en/articles/9158227-how-multiple-location-works","Unmapped","AuraShine source and UAT evidence has not been reviewed for this atomic capability."
"SAL-0136","salonist","Booking Settings","Help Center","How to hide specific staff for an online booking?","https://help.salonist.io/en/articles/9158234-how-to-hide-specific-staff-for-an-online-booking","help_article","https://help.salonist.io/en/articles/9158234-how-to-hide-specific-staff-for-an-online-booking","Unmapped","AuraShine source and UAT evidence has not been reviewed for this atomic capability."
"SAL-0137","salonist","Booking Settings","Help Center","How to add logo on the online booking page?","https://help.salonist.io/en/articles/9158245-how-to-add-logo-on-the-online-booking-page","help_article","https://help.salonist.io/en/articles/9158245-how-to-add-logo-on-the-online-booking-page","Unmapped","AuraShine source and UAT evidence has not been reviewed for this atomic capability."
"SAL-0138","salonist","Booking Settings","Help Center","How to add cancellation policy on an online booking page?","https://help.salonist.io/en/articles/9158250-how-to-add-cancellation-policy-on-an-online-booking-page","help_article","https://help.salonist.io/en/articles/9158250-how-to-add-cancellation-policy-on-an-online-booking-page","Unmapped","AuraShine source and UAT evidence has not been reviewed for this atomic capability."
"SAL-0139","salonist","Booking Settings","Help Center","How to add cover photo on an online booking page","https://help.salonist.io/en/articles/9158256-how-to-add-cover-photo-on-an-online-booking-page","help_article","https://help.salonist.io/en/articles/9158256-how-to-add-cover-photo-on-an-online-booking-page","Unmapped","AuraShine source and UAT evidence has not been reviewed for this atomic capability."
"SAL-0140","salonist","Booking Settings","Help Center","How to add social media link on an online booking page?","https://help.salonist.io/en/articles/9158262-how-to-add-social-media-link-on-an-online-booking-page","help_article","https://help.salonist.io/en/articles/9158262-how-to-add-social-media-link-on-an-online-booking-page","Unmapped","AuraShine source and UAT evidence has not been reviewed for this atomic capability."
"SAL-0141","salonist","Booking Settings","Help Center","How to add business hours on an online booking page?","https://help.salonist.io/en/articles/9158270-how-to-add-business-hours-on-an-online-booking-page","help_article","https://help.salonist.io/en/articles/9158270-how-to-add-business-hours-on-an-online-booking-page","Unmapped","AuraShine source and UAT evidence has not been reviewed for this atomic capability."
"SAL-0142","salonist","Booking Settings","Help Center","How can I enable the confirmation by the admin after booking an online appointments ?","https://help.salonist.io/en/articles/9158277-how-can-i-enable-the-confirmation-by-the-admin-after-booking-an-online-appointments","help_article","https://help.salonist.io/en/articles/9158277-how-can-i-enable-the-confirmation-by-the-admin-after-booking-an-online-appointments","Unmapped","AuraShine source and UAT evidence has not been reviewed for this atomic capability."
"SAL-0143","salonist","Booking Settings","Help Center","How can I set booking reminder days and hours?","https://help.salonist.io/en/articles/9158283-how-can-i-set-booking-reminder-days-and-hours","help_article","https://help.salonist.io/en/articles/9158283-how-can-i-set-booking-reminder-days-and-hours","Unmapped","AuraShine source and UAT evidence has not been reviewed for this atomic capability."
"SAL-0144","salonist","Booking Settings","Help Center","How can we change the Online Booking setting?","https://help.salonist.io/en/articles/9158290-how-can-we-change-the-online-booking-setting","help_article","https://help.salonist.io/en/articles/9158290-how-can-we-change-the-online-booking-setting","Unmapped","AuraShine source and UAT evidence has not been reviewed for this atomic capability."
"SAL-0145","salonist","Quick Sale","Help Center","How to assign packages in salonist?","https://help.salonist.io/en/articles/9158295-how-to-assign-packages-in-salonist","help_article","https://help.salonist.io/en/articles/9158295-how-to-assign-packages-in-salonist","Unmapped","AuraShine source and UAT evidence has not been reviewed for this atomic capability."
"SAL-0146","salonist","Quick Sale","Help Center","What is Quick sale ?","https://help.salonist.io/en/articles/9158325-what-is-quick-sale","help_article","https://help.salonist.io/en/articles/9158325-what-is-quick-sale","Unmapped","AuraShine source and UAT evidence has not been reviewed for this atomic capability."
"SAL-0147","salonist","Quick Sale","Help Center","How to edit the bill?","https://help.salonist.io/en/articles/9158342-how-to-edit-the-bill","help_article","https://help.salonist.io/en/articles/9158342-how-to-edit-the-bill","Unmapped","AuraShine source and UAT evidence has not been reviewed for this atomic capability."
"SAL-0148","salonist","Quick Sale","Help Center","How to choose multiple payment methods while billing in POS?","https://help.salonist.io/en/articles/9158348-how-to-choose-multiple-payment-methods-while-billing-in-pos","help_article","https://help.salonist.io/en/articles/9158348-how-to-choose-multiple-payment-methods-while-billing-in-pos","Unmapped","AuraShine source and UAT evidence has not been reviewed for this atomic capability."
"SAL-0149","salonist","Quick Sale","Help Center","Can we assign discount by percentage for individual services?","https://help.salonist.io/en/articles/9158373-can-we-assign-discount-by-percentage-for-individual-services","help_article","https://help.salonist.io/en/articles/9158373-can-we-assign-discount-by-percentage-for-individual-services","Unmapped","AuraShine source and UAT evidence has not been reviewed for this atomic capability."
"SAL-0150","salonist","Quick Sale","Help Center","How to cancel or Delete invoice?","https://help.salonist.io/en/articles/9158385-how-to-cancel-or-delete-invoice","help_article","https://help.salonist.io/en/articles/9158385-how-to-cancel-or-delete-invoice","Unmapped","AuraShine source and UAT evidence has not been reviewed for this atomic capability."
"SAL-0151","salonist","Getting Started","Help Center","How to check the upcoming Clients Birthday and Anniversary ?","https://help.salonist.io/en/articles/9158524-how-to-check-the-upcoming-clients-birthday-and-anniversary","help_article","https://help.salonist.io/en/articles/9158524-how-to-check-the-upcoming-clients-birthday-and-anniversary","Unmapped","AuraShine source and UAT evidence has not been reviewed for this atomic capability."
"SAL-0152","salonist","Quick Sale","Help Center","How to clear due amount of the client?","https://help.salonist.io/en/articles/9158533-how-to-clear-due-amount-of-the-client","help_article","https://help.salonist.io/en/articles/9158533-how-to-clear-due-amount-of-the-client","Unmapped","AuraShine source and UAT evidence has not been reviewed for this atomic capability."
"SAL-0153","salonist","Getting Started","Help Center","How to add different locations?","https://help.salonist.io/en/articles/9158556-how-to-add-different-locations","help_article","https://help.salonist.io/en/articles/9158556-how-to-add-different-locations","Unmapped","AuraShine source and UAT evidence has not been reviewed for this atomic capability."
"SAL-0154","salonist","Getting Started","Help Center","How to create and assign membership?","https://help.salonist.io/en/articles/9158582-how-to-create-and-assign-membership","help_article","https://help.salonist.io/en/articles/9158582-how-to-create-and-assign-membership","Unmapped","AuraShine source and UAT evidence has not been reviewed for this atomic capability."
"SAL-0155","salonist","Getting Started","Help Center","How to redeem E-wallet membership?","https://help.salonist.io/en/articles/9158705-how-to-redeem-e-wallet-membership","help_article","https://help.salonist.io/en/articles/9158705-how-to-redeem-e-wallet-membership","Unmapped","AuraShine source and UAT evidence has not been reviewed for this atomic capability."
"SAL-0156","salonist","Quick Sale","Help Center","How to redeem the coupon?","https://help.salonist.io/en/articles/9158720-how-to-redeem-the-coupon","help_article","https://help.salonist.io/en/articles/9158720-how-to-redeem-the-coupon","Unmapped","AuraShine source and UAT evidence has not been reviewed for this atomic capability."
"SAL-0157","salonist","Appointment Management","Help Center","How To Generate Previous Date Invoices","https://help.salonist.io/en/articles/9166774-how-to-generate-previous-date-invoices","help_article","https://help.salonist.io/en/articles/9166774-how-to-generate-previous-date-invoices","Unmapped","AuraShine source and UAT evidence has not been reviewed for this atomic capability."
"SAL-0158","salonist","Getting Started","Help Center","How to manage the Leads in Salonist ?","https://help.salonist.io/en/articles/9177992-how-to-manage-the-leads-in-salonist","help_article","https://help.salonist.io/en/articles/9177992-how-to-manage-the-leads-in-salonist","Unmapped","AuraShine source and UAT evidence has not been reviewed for this atomic capability."
"SAL-0159","salonist","Appointment Management","Help Center","How can I edit the Appointment ?","https://help.salonist.io/en/articles/9182534-how-can-i-edit-the-appointment","help_article","https://help.salonist.io/en/articles/9182534-how-can-i-edit-the-appointment","Unmapped","AuraShine source and UAT evidence has not been reviewed for this atomic capability."
"SAL-0160","salonist","Quick Sale","Help Center","How to get the Old or Previous generated invoices ?","https://help.salonist.io/en/articles/9182983-how-to-get-the-old-or-previous-generated-invoices","help_article","https://help.salonist.io/en/articles/9182983-how-to-get-the-old-or-previous-generated-invoices","Unmapped","AuraShine source and UAT evidence has not been reviewed for this atomic capability."
"SAL-0161","salonist","Client Management","Help Center","How to edit the client in Salonist ?","https://help.salonist.io/en/articles/9184266-how-to-edit-the-client-in-salonist","help_article","https://help.salonist.io/en/articles/9184266-how-to-edit-the-client-in-salonist","Unmapped","AuraShine source and UAT evidence has not been reviewed for this atomic capability."
"SAL-0162","salonist","Client Management","Help Center","How can I get the Male/Female and Active/Inactive client list in Salonist?","https://help.salonist.io/en/articles/9188047-how-can-i-get-the-male-female-and-active-inactive-client-list-in-salonist","help_article","https://help.salonist.io/en/articles/9188047-how-can-i-get-the-male-female-and-active-inactive-client-list-in-salonist","Unmapped","AuraShine source and UAT evidence has not been reviewed for this atomic capability."
"SAL-0163","salonist","Client Management","Help Center","How to assign Consent Forms to Clients?","https://help.salonist.io/en/articles/9188302-how-to-assign-consent-forms-to-clients","help_article","https://help.salonist.io/en/articles/9188302-how-to-assign-consent-forms-to-clients","Unmapped","AuraShine source and UAT evidence has not been reviewed for this atomic capability."
"SAL-0164","salonist","Client Management","Help Center","How can I add a client's image to Salonist?","https://help.salonist.io/en/articles/9188716-how-can-i-add-a-client-s-image-to-salonist","help_article","https://help.salonist.io/en/articles/9188716-how-can-i-add-a-client-s-image-to-salonist","Unmapped","AuraShine source and UAT evidence has not been reviewed for this atomic capability."
"SAL-0165","salonist","Client Management","Help Center","How to add clients Before and After Picture in Salonist ?","https://help.salonist.io/en/articles/9206972-how-to-add-clients-before-and-after-picture-in-salonist","help_article","https://help.salonist.io/en/articles/9206972-how-to-add-clients-before-and-after-picture-in-salonist","Unmapped","AuraShine source and UAT evidence has not been reviewed for this atomic capability."
"SAL-0166","salonist","Client Management","Help Center","How to add clients Documents & Treatments in Salonist ?","https://help.salonist.io/en/articles/9207026-how-to-add-clients-documents-treatments-in-salonist","help_article","https://help.salonist.io/en/articles/9207026-how-to-add-clients-documents-treatments-in-salonist","Unmapped","AuraShine source and UAT evidence has not been reviewed for this atomic capability."
"SAL-0167","salonist","Getting Started","Help Center","How to setup the loyality and rewards points ?","https://help.salonist.io/en/articles/9207114-how-to-setup-the-loyality-and-rewards-points","help_article","https://help.salonist.io/en/articles/9207114-how-to-setup-the-loyality-and-rewards-points","Unmapped","AuraShine source and UAT evidence has not been reviewed for this atomic capability."
"SAL-0168","salonist","Reports & Analysis","Help Center","How to check Product IN/OUT (Retail) and (IN House) sales Report ?","https://help.salonist.io/en/articles/9207611-how-to-check-product-in-out-retail-and-in-house-sales-report","help_article","https://help.salonist.io/en/articles/9207611-how-to-check-product-in-out-retail-and-in-house-sales-report","Unmapped","AuraShine source and UAT evidence has not been reviewed for this atomic capability."
"SAL-0169","salonist","Reports & Analysis","Help Center","How to view the detail report of the sales discount?","https://help.salonist.io/en/articles/9207640-how-to-view-the-detail-report-of-the-sales-discount","help_article","https://help.salonist.io/en/articles/9207640-how-to-view-the-detail-report-of-the-sales-discount","Unmapped","AuraShine source and UAT evidence has not been reviewed for this atomic capability."
"SAL-0170","salonist","Getting Started","Help Center","How to run Email Campaigns?","https://help.salonist.io/en/articles/9207860-how-to-run-email-campaigns","help_article","https://help.salonist.io/en/articles/9207860-how-to-run-email-campaigns","Unmapped","AuraShine source and UAT evidence has not been reviewed for this atomic capability."
"SAL-0171","salonist","Inventory Management","Help Center","How to assign products to the staff ?","https://help.salonist.io/en/articles/9207987-how-to-assign-products-to-the-staff","help_article","https://help.salonist.io/en/articles/9207987-how-to-assign-products-to-the-staff","Unmapped","AuraShine source and UAT evidence has not been reviewed for this atomic capability."
"SAL-0172","salonist","Inventory Management","Help Center","How to Edit and Delete Vendor ?","https://help.salonist.io/en/articles/9208101-how-to-edit-and-delete-vendor","help_article","https://help.salonist.io/en/articles/9208101-how-to-edit-and-delete-vendor","Unmapped","AuraShine source and UAT evidence has not been reviewed for this atomic capability."
"SAL-0173","salonist","Inventory Management","Help Center","How to edit a product in Salonist ?","https://help.salonist.io/en/articles/9208237-how-to-edit-a-product-in-salonist","help_article","https://help.salonist.io/en/articles/9208237-how-to-edit-a-product-in-salonist","Unmapped","AuraShine source and UAT evidence has not been reviewed for this atomic capability."
"SAL-0174","salonist","Inventory Management","Help Center","How to edit and delete Product Brand in Salonist ?","https://help.salonist.io/en/articles/9208292-how-to-edit-and-delete-product-brand-in-salonist","help_article","https://help.salonist.io/en/articles/9208292-how-to-edit-and-delete-product-brand-in-salonist","Unmapped","AuraShine source and UAT evidence has not been reviewed for this atomic capability."
"SAL-0175","salonist","Inventory Management","Help Center","How to edit and delete the product type in Salonist ?","https://help.salonist.io/en/articles/9208320-how-to-edit-and-delete-the-product-type-in-salonist","help_article","https://help.salonist.io/en/articles/9208320-how-to-edit-and-delete-the-product-type-in-salonist","Unmapped","AuraShine source and UAT evidence has not been reviewed for this atomic capability."
"SAL-0176","salonist","Appointment Management","Help Center","Is your slots are available for rebooking once your appointment is cancelled ?","https://help.salonist.io/en/articles/9244647-is-your-slots-are-available-for-rebooking-once-your-appointment-is-cancelled","help_article","https://help.salonist.io/en/articles/9244647-is-your-slots-are-available-for-rebooking-once-your-appointment-is-cancelled","Unmapped","AuraShine source and UAT evidence has not been reviewed for this atomic capability."
"SAL-0177","salonist","Mobile Application","Help Center","Is it possible to add service images to a mobile application's home screen?","https://help.salonist.io/en/articles/9245806-is-it-possible-to-add-service-images-to-a-mobile-application-s-home-screen","help_article","https://help.salonist.io/en/articles/9245806-is-it-possible-to-add-service-images-to-a-mobile-application-s-home-screen","Unmapped","AuraShine source and UAT evidence has not been reviewed for this atomic capability."
"SAL-0178","salonist","Mobile Application","Help Center","How can I change the cover image on the APP's home page?","https://help.salonist.io/en/articles/9245877-how-can-i-change-the-cover-image-on-the-app-s-home-page","help_article","https://help.salonist.io/en/articles/9245877-how-can-i-change-the-cover-image-on-the-app-s-home-page","Unmapped","AuraShine source and UAT evidence has not been reviewed for this atomic capability."
"SAL-0179","salonist","Mobile Application","Help Center","How to run a promotional offer within an app?","https://help.salonist.io/en/articles/9249729-how-to-run-a-promotional-offer-within-an-app","help_article","https://help.salonist.io/en/articles/9249729-how-to-run-a-promotional-offer-within-an-app","Unmapped","AuraShine source and UAT evidence has not been reviewed for this atomic capability."
"SAL-0180","salonist","Staff Management","Help Center","How to give permissions to the Staff ?","https://help.salonist.io/en/articles/9249790-how-to-give-permissions-to-the-staff","help_article","https://help.salonist.io/en/articles/9249790-how-to-give-permissions-to-the-staff","Unmapped","AuraShine source and UAT evidence has not been reviewed for this atomic capability."
"SAL-0181","salonist","Staff Management","Help Center","How can Staff login ?","https://help.salonist.io/en/articles/9249858-how-can-staff-login","help_article","https://help.salonist.io/en/articles/9249858-how-can-staff-login","Unmapped","AuraShine source and UAT evidence has not been reviewed for this atomic capability."
"SAL-0182","salonist","Mobile Application","Help Center","Is it possible for customers to make appointments through the Salonist application as guests?","https://help.salonist.io/en/articles/9249940-is-it-possible-for-customers-to-make-appointments-through-the-salonist-application-as-guests","help_article","https://help.salonist.io/en/articles/9249940-is-it-possible-for-customers-to-make-appointments-through-the-salonist-application-as-guests","Unmapped","AuraShine source and UAT evidence has not been reviewed for this atomic capability."
"SAL-0183","salonist","Reports & Analysis","Help Center","How to check client revenue ?","https://help.salonist.io/en/articles/9258553-how-to-check-client-revenue","help_article","https://help.salonist.io/en/articles/9258553-how-to-check-client-revenue","Unmapped","AuraShine source and UAT evidence has not been reviewed for this atomic capability."
"SAL-0184","salonist","Reports & Analysis","Help Center","How to check client with Discount Membership?","https://help.salonist.io/en/articles/9258622-how-to-check-client-with-discount-membership","help_article","https://help.salonist.io/en/articles/9258622-how-to-check-client-with-discount-membership","Unmapped","AuraShine source and UAT evidence has not been reviewed for this atomic capability."
"SAL-0185","salonist","Staff Management","Help Center","How the staff permission role is created and assigned ?","https://help.salonist.io/en/articles/9263066-how-the-staff-permission-role-is-created-and-assigned","help_article","https://help.salonist.io/en/articles/9263066-how-the-staff-permission-role-is-created-and-assigned","Unmapped","AuraShine source and UAT evidence has not been reviewed for this atomic capability."
"SAL-0186","salonist","Reports & Analysis","Help Center","How to check the list of invoices for sales made using the prepaid method ?","https://help.salonist.io/en/articles/9310237-how-to-check-the-list-of-invoices-for-sales-made-using-the-prepaid-method","help_article","https://help.salonist.io/en/articles/9310237-how-to-check-the-list-of-invoices-for-sales-made-using-the-prepaid-method","Unmapped","AuraShine source and UAT evidence has not been reviewed for this atomic capability."
"SAL-0187","salonist","Warehouse","Help Center","How can I add new product purchase?","https://help.salonist.io/en/articles/9310320-how-can-i-add-new-product-purchase","help_article","https://help.salonist.io/en/articles/9310320-how-can-i-add-new-product-purchase","Unmapped","AuraShine source and UAT evidence has not been reviewed for this atomic capability."
"SAL-0188","salonist","Warehouse","Help Center","How to add products in warehouse ?","https://help.salonist.io/en/articles/9310483-how-to-add-products-in-warehouse","help_article","https://help.salonist.io/en/articles/9310483-how-to-add-products-in-warehouse","Unmapped","AuraShine source and UAT evidence has not been reviewed for this atomic capability."
"SAL-0189","salonist","Warehouse","Help Center","How to Transfers Products from Warehouse to Inventory ?","https://help.salonist.io/en/articles/9310513-how-to-transfers-products-from-warehouse-to-inventory","help_article","https://help.salonist.io/en/articles/9310513-how-to-transfers-products-from-warehouse-to-inventory","Unmapped","AuraShine source and UAT evidence has not been reviewed for this atomic capability."
"SAL-0190","salonist","Warehouse","Help Center","How to check product transfer report ?","https://help.salonist.io/en/articles/9310561-how-to-check-product-transfer-report","help_article","https://help.salonist.io/en/articles/9310561-how-to-check-product-transfer-report","Unmapped","AuraShine source and UAT evidence has not been reviewed for this atomic capability."
"SAL-0191","salonist","Reports & Analysis","Help Center","How can I view the list of Trend Services?","https://help.salonist.io/en/articles/9310629-how-can-i-view-the-list-of-trend-services","help_article","https://help.salonist.io/en/articles/9310629-how-can-i-view-the-list-of-trend-services","Unmapped","AuraShine source and UAT evidence has not been reviewed for this atomic capability."
"SAL-0192","salonist","Reports & Analysis","Help Center","How can an admin receive a daily report or sheet by email?","https://help.salonist.io/en/articles/9310702-how-can-an-admin-receive-a-daily-report-or-sheet-by-email","help_article","https://help.salonist.io/en/articles/9310702-how-can-an-admin-receive-a-daily-report-or-sheet-by-email","Unmapped","AuraShine source and UAT evidence has not been reviewed for this atomic capability."
"SAL-0193","salonist","Mobile Application","Help Center","How can I add the customer's name in both Arabic and English?","https://help.salonist.io/en/articles/9311042-how-can-i-add-the-customer-s-name-in-both-arabic-and-english","help_article","https://help.salonist.io/en/articles/9311042-how-can-i-add-the-customer-s-name-in-both-arabic-and-english","Unmapped","AuraShine source and UAT evidence has not been reviewed for this atomic capability."
"SAL-0194","salonist","Staff Management","Help Center","How to display or hide the employees on the calendar ?","https://help.salonist.io/en/articles/9334782-how-to-display-or-hide-the-employees-on-the-calendar","help_article","https://help.salonist.io/en/articles/9334782-how-to-display-or-hide-the-employees-on-the-calendar","Unmapped","AuraShine source and UAT evidence has not been reviewed for this atomic capability."
"SAL-0195","salonist","Booking Settings","Help Center","Can I update the feedback link to my custom link in software ?","https://help.salonist.io/en/articles/9334853-can-i-update-the-feedback-link-to-my-custom-link-in-software","help_article","https://help.salonist.io/en/articles/9334853-can-i-update-the-feedback-link-to-my-custom-link-in-software","Unmapped","AuraShine source and UAT evidence has not been reviewed for this atomic capability."
"SAL-0196","salonist","Client Management","Help Center","How to clear the E wallet amount ?","https://help.salonist.io/en/articles/9344832-how-to-clear-the-e-wallet-amount","help_article","https://help.salonist.io/en/articles/9344832-how-to-clear-the-e-wallet-amount","Unmapped","AuraShine source and UAT evidence has not been reviewed for this atomic capability."
"SAL-0197","salonist","Client Management","Help Center","How to add client's GST number ?","https://help.salonist.io/en/articles/9344937-how-to-add-client-s-gst-number","help_article","https://help.salonist.io/en/articles/9344937-how-to-add-client-s-gst-number","Unmapped","AuraShine source and UAT evidence has not been reviewed for this atomic capability."
"SAL-0198","salonist","Client Management","Help Center","How to add client's address ?","https://help.salonist.io/en/articles/9345178-how-to-add-client-s-address","help_article","https://help.salonist.io/en/articles/9345178-how-to-add-client-s-address","Unmapped","AuraShine source and UAT evidence has not been reviewed for this atomic capability."
"SAL-0199","salonist","Staff Management","Help Center","How to make a day off for the staff ?","https://help.salonist.io/en/articles/9345293-how-to-make-a-day-off-for-the-staff","help_article","https://help.salonist.io/en/articles/9345293-how-to-make-a-day-off-for-the-staff","Unmapped","AuraShine source and UAT evidence has not been reviewed for this atomic capability."
"SAL-0200","salonist","Booking Settings","Help Center","How we can enable or disable staff for online booking ?","https://help.salonist.io/en/articles/9355915-how-we-can-enable-or-disable-staff-for-online-booking","help_article","https://help.salonist.io/en/articles/9355915-how-we-can-enable-or-disable-staff-for-online-booking","Unmapped","AuraShine source and UAT evidence has not been reviewed for this atomic capability."
"SAL-0201","salonist","Reports & Analysis","Help Center","How to check if the messages were delivered or not ?","https://help.salonist.io/en/articles/9356357-how-to-check-if-the-messages-were-delivered-or-not","help_article","https://help.salonist.io/en/articles/9356357-how-to-check-if-the-messages-were-delivered-or-not","Unmapped","AuraShine source and UAT evidence has not been reviewed for this atomic capability."
"SAL-0202","salonist","Staff Management","Help Center","How can the staff names be arranged on the calendar to appear in serial order?","https://help.salonist.io/en/articles/9356466-how-can-the-staff-names-be-arranged-on-the-calendar-to-appear-in-serial-order","help_article","https://help.salonist.io/en/articles/9356466-how-can-the-staff-names-be-arranged-on-the-calendar-to-appear-in-serial-order","Unmapped","AuraShine source and UAT evidence has not been reviewed for this atomic capability."
"SAL-0203","salonist","Staff Management","Help Center","How to change the Staff schedule?","https://help.salonist.io/en/articles/9356530-how-to-change-the-staff-schedule","help_article","https://help.salonist.io/en/articles/9356530-how-to-change-the-staff-schedule","Unmapped","AuraShine source and UAT evidence has not been reviewed for this atomic capability."
"SAL-0204","salonist","Getting Started","Help Center","How to enable or disable the notifications in salonist ?","https://help.salonist.io/en/articles/9356591-how-to-enable-or-disable-the-notifications-in-salonist","help_article","https://help.salonist.io/en/articles/9356591-how-to-enable-or-disable-the-notifications-in-salonist","Unmapped","AuraShine source and UAT evidence has not been reviewed for this atomic capability."
"SAL-0205","salonist","Inventory Management","Help Center","How to make the Inventory Management option to display in Quick sale ?","https://help.salonist.io/en/articles/9356964-how-to-make-the-inventory-management-option-to-display-in-quick-sale","help_article","https://help.salonist.io/en/articles/9356964-how-to-make-the-inventory-management-option-to-display-in-quick-sale","Unmapped","AuraShine source and UAT evidence has not been reviewed for this atomic capability."
"SAL-0206","salonist","Staff Management","Help Center","How to remove the block time for the staff ?","https://help.salonist.io/en/articles/9374900-how-to-remove-the-block-time-for-the-staff","help_article","https://help.salonist.io/en/articles/9374900-how-to-remove-the-block-time-for-the-staff","Unmapped","AuraShine source and UAT evidence has not been reviewed for this atomic capability."
"SAL-0207","salonist","Reports & Analysis","Help Center","How to view the history of redeem package ?","https://help.salonist.io/en/articles/9399680-how-to-view-the-history-of-redeem-package","help_article","https://help.salonist.io/en/articles/9399680-how-to-view-the-history-of-redeem-package","Unmapped","AuraShine source and UAT evidence has not been reviewed for this atomic capability."
"SAL-0208","salonist","TAX and BILL Settings","Help Center","How to hide feedback link in messages?","https://help.salonist.io/en/articles/9412994-how-to-hide-feedback-link-in-messages","help_article","https://help.salonist.io/en/articles/9412994-how-to-hide-feedback-link-in-messages","Unmapped","AuraShine source and UAT evidence has not been reviewed for this atomic capability."
"SAL-0209","salonist","TAX and BILL Settings","Help Center","How can we hide or show Invoice in feedback link ?","https://help.salonist.io/en/articles/9413022-how-can-we-hide-or-show-invoice-in-feedback-link","help_article","https://help.salonist.io/en/articles/9413022-how-can-we-hide-or-show-invoice-in-feedback-link","Unmapped","AuraShine source and UAT evidence has not been reviewed for this atomic capability."
"SAL-0210","salonist","Integrations","Help Center","How to scan WhatsApp API ?","https://help.salonist.io/en/articles/9414100-how-to-scan-whatsapp-api","help_article","https://help.salonist.io/en/articles/9414100-how-to-scan-whatsapp-api","Unmapped","AuraShine source and UAT evidence has not been reviewed for this atomic capability."
"SAL-0211","salonist","Quick Sale","Help Center","How to download the Invoice ?","https://help.salonist.io/en/articles/9418365-how-to-download-the-invoice","help_article","https://help.salonist.io/en/articles/9418365-how-to-download-the-invoice","Unmapped","AuraShine source and UAT evidence has not been reviewed for this atomic capability."
"SAL-0212","salonist","Quick Sale","Help Center","How to print the invoice ?","https://help.salonist.io/en/articles/9418379-how-to-print-the-invoice","help_article","https://help.salonist.io/en/articles/9418379-how-to-print-the-invoice","Unmapped","AuraShine source and UAT evidence has not been reviewed for this atomic capability."
"SAL-0213","salonist","Staff Management","Help Center","How to check staff schedule ?","https://help.salonist.io/en/articles/9418389-how-to-check-staff-schedule","help_article","https://help.salonist.io/en/articles/9418389-how-to-check-staff-schedule","Unmapped","AuraShine source and UAT evidence has not been reviewed for this atomic capability."
"SAL-0214","salonist","Quick Sale","Help Center","How to make invoice of package services after assigning package to client ?","https://help.salonist.io/en/articles/9418440-how-to-make-invoice-of-package-services-after-assigning-package-to-client","help_article","https://help.salonist.io/en/articles/9418440-how-to-make-invoice-of-package-services-after-assigning-package-to-client","Unmapped","AuraShine source and UAT evidence has not been reviewed for this atomic capability."
"SAL-0215","salonist","Quick Sale","Help Center","How to make invoice of prepaid services after assigning membership to the client ?","https://help.salonist.io/en/articles/9418841-how-to-make-invoice-of-prepaid-services-after-assigning-membership-to-the-client","help_article","https://help.salonist.io/en/articles/9418841-how-to-make-invoice-of-prepaid-services-after-assigning-membership-to-the-client","Unmapped","AuraShine source and UAT evidence has not been reviewed for this atomic capability."
"SAL-0216","salonist","Quick Sale","Help Center","How to redeem the gift card ?","https://help.salonist.io/en/articles/9419145-how-to-redeem-the-gift-card","help_article","https://help.salonist.io/en/articles/9419145-how-to-redeem-the-gift-card","Unmapped","AuraShine source and UAT evidence has not been reviewed for this atomic capability."
"SAL-0217","salonist","TAX and BILL Settings","Help Center","How can I add an additional print mode?","https://help.salonist.io/en/articles/9423044-how-can-i-add-an-additional-print-mode","help_article","https://help.salonist.io/en/articles/9423044-how-can-i-add-an-additional-print-mode","Unmapped","AuraShine source and UAT evidence has not been reviewed for this atomic capability."
"SAL-0218","salonist","Quick Sale","Help Center","How to redeem the reward points in value and in percentage ?","https://help.salonist.io/en/articles/9423069-how-to-redeem-the-reward-points-in-value-and-in-percentage","help_article","https://help.salonist.io/en/articles/9423069-how-to-redeem-the-reward-points-in-value-and-in-percentage","Unmapped","AuraShine source and UAT evidence has not been reviewed for this atomic capability."
"SAL-0219","salonist","Quick Sale","Help Center","How can the job card be printed and how can it be enabled or disabled?","https://help.salonist.io/en/articles/9427855-how-can-the-job-card-be-printed-and-how-can-it-be-enabled-or-disabled","help_article","https://help.salonist.io/en/articles/9427855-how-can-the-job-card-be-printed-and-how-can-it-be-enabled-or-disabled","Unmapped","AuraShine source and UAT evidence has not been reviewed for this atomic capability."
"SAL-0220","salonist","Getting Started","Help Center","How to add or delete different payment modes ?","https://help.salonist.io/en/articles/9427934-how-to-add-or-delete-different-payment-modes","help_article","https://help.salonist.io/en/articles/9427934-how-to-add-or-delete-different-payment-modes","Unmapped","AuraShine source and UAT evidence has not been reviewed for this atomic capability."
"SAL-0221","salonist","Integrations","Help Center","How do I integrate Twilio with Salonist?","https://help.salonist.io/en/articles/9428174-how-do-i-integrate-twilio-with-salonist","help_article","https://help.salonist.io/en/articles/9428174-how-do-i-integrate-twilio-with-salonist","Unmapped","AuraShine source and UAT evidence has not been reviewed for this atomic capability."
"SAL-0222","salonist","Other Settings","Help Center","How to remove expiry days option in packages?","https://help.salonist.io/en/articles/9439002-how-to-remove-expiry-days-option-in-packages","help_article","https://help.salonist.io/en/articles/9439002-how-to-remove-expiry-days-option-in-packages","Unmapped","AuraShine source and UAT evidence has not been reviewed for this atomic capability."
"SAL-0223","salonist","Other Settings","Help Center","How can I add extra services to the package when assigned to the client?","https://help.salonist.io/en/articles/9439069-how-can-i-add-extra-services-to-the-package-when-assigned-to-the-client","help_article","https://help.salonist.io/en/articles/9439069-how-can-i-add-extra-services-to-the-package-when-assigned-to-the-client","Unmapped","AuraShine source and UAT evidence has not been reviewed for this atomic capability."
"SAL-0224","salonist","Other Settings","Help Center","How to search products in quick sale from there brand or type ?","https://help.salonist.io/en/articles/9439227-how-to-search-products-in-quick-sale-from-there-brand-or-type","help_article","https://help.salonist.io/en/articles/9439227-how-to-search-products-in-quick-sale-from-there-brand-or-type","Unmapped","AuraShine source and UAT evidence has not been reviewed for this atomic capability."
"SAL-0225","salonist","Other Settings","Help Center","How does assign Staff Commission option works ?","https://help.salonist.io/en/articles/9439450-how-does-assign-staff-commission-option-works","help_article","https://help.salonist.io/en/articles/9439450-how-does-assign-staff-commission-option-works","Unmapped","AuraShine source and UAT evidence has not been reviewed for this atomic capability."
"SAL-0226","salonist","Staff Management","Help Center","How can I upload the staff's image ?","https://help.salonist.io/en/articles/9439470-how-can-i-upload-the-staff-s-image","help_article","https://help.salonist.io/en/articles/9439470-how-can-i-upload-the-staff-s-image","Unmapped","AuraShine source and UAT evidence has not been reviewed for this atomic capability."
"SAL-0227","salonist","Appointment Management","Help Center","How to make the appointment status on the calendar active or inactive ?","https://help.salonist.io/en/articles/9439527-how-to-make-the-appointment-status-on-the-calendar-active-or-inactive","help_article","https://help.salonist.io/en/articles/9439527-how-to-make-the-appointment-status-on-the-calendar-active-or-inactive","Unmapped","AuraShine source and UAT evidence has not been reviewed for this atomic capability."
"SAL-0228","salonist","Appointment Management","Help Center","How to change the name of the appointment status on the Calendar?","https://help.salonist.io/en/articles/9439568-how-to-change-the-name-of-the-appointment-status-on-the-calendar","help_article","https://help.salonist.io/en/articles/9439568-how-to-change-the-name-of-the-appointment-status-on-the-calendar","Unmapped","AuraShine source and UAT evidence has not been reviewed for this atomic capability."
"SAL-0229","salonist","TAX and BILL Settings","Help Center","How to add terms and conditions in Salonist and how they will appear on the invoice that is generated ?","https://help.salonist.io/en/articles/9439612-how-to-add-terms-and-conditions-in-salonist-and-how-they-will-appear-on-the-invoice-that-is-generated","help_article","https://help.salonist.io/en/articles/9439612-how-to-add-terms-and-conditions-in-salonist-and-how-they-will-appear-on-the-invoice-that-is-generated","Unmapped","AuraShine source and UAT evidence has not been reviewed for this atomic capability."
"SAL-0230","salonist","Integrations","Help Center","How to integrate Salonist with Interakt ?","https://help.salonist.io/en/articles/9452316-how-to-integrate-salonist-with-interakt","help_article","https://help.salonist.io/en/articles/9452316-how-to-integrate-salonist-with-interakt","Unmapped","AuraShine source and UAT evidence has not been reviewed for this atomic capability."
"SAL-0231","salonist","Mobile Application","Help Center","How to generate invoice in Mobile application ?","https://help.salonist.io/en/articles/9459558-how-to-generate-invoice-in-mobile-application","help_article","https://help.salonist.io/en/articles/9459558-how-to-generate-invoice-in-mobile-application","Unmapped","AuraShine source and UAT evidence has not been reviewed for this atomic capability."
"SAL-0232","salonist","Mobile Application","Help Center","How to book the appointment in mobile application?","https://help.salonist.io/en/articles/9459660-how-to-book-the-appointment-in-mobile-application","help_article","https://help.salonist.io/en/articles/9459660-how-to-book-the-appointment-in-mobile-application","Unmapped","AuraShine source and UAT evidence has not been reviewed for this atomic capability."
"SAL-0233","salonist","Mobile Application","Help Center","How can I add staff to a mobile application?","https://help.salonist.io/en/articles/9464049-how-can-i-add-staff-to-a-mobile-application","help_article","https://help.salonist.io/en/articles/9464049-how-can-i-add-staff-to-a-mobile-application","Unmapped","AuraShine source and UAT evidence has not been reviewed for this atomic capability."
"SAL-0234","salonist","Mobile Application","Help Center","How can I add Client to a mobile application?","https://help.salonist.io/en/articles/9464120-how-can-i-add-client-to-a-mobile-application","help_article","https://help.salonist.io/en/articles/9464120-how-can-i-add-client-to-a-mobile-application","Unmapped","AuraShine source and UAT evidence has not been reviewed for this atomic capability."
"SAL-0235","salonist","Mobile Application","Help Center","How do I add the packages to a mobile application?","https://help.salonist.io/en/articles/9501825-how-do-i-add-the-packages-to-a-mobile-application","help_article","https://help.salonist.io/en/articles/9501825-how-do-i-add-the-packages-to-a-mobile-application","Unmapped","AuraShine source and UAT evidence has not been reviewed for this atomic capability."
"SAL-0236","salonist","Mobile Application","Help Center","How do I add the services to a mobile application?","https://help.salonist.io/en/articles/9501854-how-do-i-add-the-services-to-a-mobile-application","help_article","https://help.salonist.io/en/articles/9501854-how-do-i-add-the-services-to-a-mobile-application","Unmapped","AuraShine source and UAT evidence has not been reviewed for this atomic capability."
"SAL-0237","salonist","Mobile Application","Help Center","How do I add the products to a mobile application?","https://help.salonist.io/en/articles/9501881-how-do-i-add-the-products-to-a-mobile-application","help_article","https://help.salonist.io/en/articles/9501881-how-do-i-add-the-products-to-a-mobile-application","Unmapped","AuraShine source and UAT evidence has not been reviewed for this atomic capability."
"SAL-0238","salonist","Mobile Application","Help Center","How do I add the Coupons to a mobile application?","https://help.salonist.io/en/articles/9502017-how-do-i-add-the-coupons-to-a-mobile-application","help_article","https://help.salonist.io/en/articles/9502017-how-do-i-add-the-coupons-to-a-mobile-application","Unmapped","AuraShine source and UAT evidence has not been reviewed for this atomic capability."
"SAL-0239","salonist","Getting Started","Help Center","Dashboard Updates","https://help.salonist.io/en/articles/9514955-dashboard-updates","help_article","https://help.salonist.io/en/articles/9514955-dashboard-updates","Unmapped","AuraShine source and UAT evidence has not been reviewed for this atomic capability."
"SAL-0240","salonist","Other Settings","Help Center","How to modify date format in Salonist ?","https://help.salonist.io/en/articles/9515313-how-to-modify-date-format-in-salonist","help_article","https://help.salonist.io/en/articles/9515313-how-to-modify-date-format-in-salonist","Unmapped","AuraShine source and UAT evidence has not been reviewed for this atomic capability."
"SAL-0241","salonist","Other Settings","Help Center","How we can set permanent discount on every invoice ?","https://help.salonist.io/en/articles/9515513-how-we-can-set-permanent-discount-on-every-invoice","help_article","https://help.salonist.io/en/articles/9515513-how-we-can-set-permanent-discount-on-every-invoice","Unmapped","AuraShine source and UAT evidence has not been reviewed for this atomic capability."
"SAL-0242","salonist","Warehouse","Help Center","How to view the details of the vendor purchase list ?","https://help.salonist.io/en/articles/9515529-how-to-view-the-details-of-the-vendor-purchase-list","help_article","https://help.salonist.io/en/articles/9515529-how-to-view-the-details-of-the-vendor-purchase-list","Unmapped","AuraShine source and UAT evidence has not been reviewed for this atomic capability."
"SAL-0243","salonist","Warehouse","Help Center","How to Import or Export the vendor list ?","https://help.salonist.io/en/articles/9515729-how-to-import-or-export-the-vendor-list","help_article","https://help.salonist.io/en/articles/9515729-how-to-import-or-export-the-vendor-list","Unmapped","AuraShine source and UAT evidence has not been reviewed for this atomic capability."
"SAL-0244","salonist","Booking Settings","Help Center","What is the use of booking policy ?","https://help.salonist.io/en/articles/9520217-what-is-the-use-of-booking-policy","help_article","https://help.salonist.io/en/articles/9520217-what-is-the-use-of-booking-policy","Unmapped","AuraShine source and UAT evidence has not been reviewed for this atomic capability."
"SAL-0245","salonist","Staff Management","Help Center","How may a commission profile be created based on a slab?","https://help.salonist.io/en/articles/9526302-how-may-a-commission-profile-be-created-based-on-a-slab","help_article","https://help.salonist.io/en/articles/9526302-how-may-a-commission-profile-be-created-based-on-a-slab","Unmapped","AuraShine source and UAT evidence has not been reviewed for this atomic capability."
"SAL-0246","salonist","Integrations","Help Center","Twilio Sms Integration","https://help.salonist.io/en/articles/9526566-twilio-sms-integration","help_article","https://help.salonist.io/en/articles/9526566-twilio-sms-integration","Unmapped","AuraShine source and UAT evidence has not been reviewed for this atomic capability."
"SAL-0247","salonist","Staff Management","Help Center","How may a commission profile be created based on services and product?","https://help.salonist.io/en/articles/9530961-how-may-a-commission-profile-be-created-based-on-services-and-product","help_article","https://help.salonist.io/en/articles/9530961-how-may-a-commission-profile-be-created-based-on-services-and-product","Unmapped","AuraShine source and UAT evidence has not been reviewed for this atomic capability."
"SAL-0248","salonist","Other Settings","Help Center","How do I remove the commission profile?","https://help.salonist.io/en/articles/9531030-how-do-i-remove-the-commission-profile","help_article","https://help.salonist.io/en/articles/9531030-how-do-i-remove-the-commission-profile","Unmapped","AuraShine source and UAT evidence has not been reviewed for this atomic capability."
"SAL-0249","salonist","Inventory Management","Help Center","How can I search products based on type or brand?","https://help.salonist.io/en/articles/9531127-how-can-i-search-products-based-on-type-or-brand","help_article","https://help.salonist.io/en/articles/9531127-how-can-i-search-products-based-on-type-or-brand","Unmapped","AuraShine source and UAT evidence has not been reviewed for this atomic capability."
"SAL-0250","salonist","Inventory Management","Help Center","How to add product image in salonist ?","https://help.salonist.io/en/articles/9531478-how-to-add-product-image-in-salonist","help_article","https://help.salonist.io/en/articles/9531478-how-to-add-product-image-in-salonist","Unmapped","AuraShine source and UAT evidence has not been reviewed for this atomic capability."
"SAL-0251","salonist","TAX and BILL Settings","Help Center","How to edit or delete Terms & Conditions","https://help.salonist.io/en/articles/9531739-how-to-edit-or-delete-terms-conditions","help_article","https://help.salonist.io/en/articles/9531739-how-to-edit-or-delete-terms-conditions","Unmapped","AuraShine source and UAT evidence has not been reviewed for this atomic capability."
"SAL-0252","salonist","Getting Started","Help Center","How to add lead type and stage in Salonist ?","https://help.salonist.io/en/articles/9532090-how-to-add-lead-type-and-stage-in-salonist","help_article","https://help.salonist.io/en/articles/9532090-how-to-add-lead-type-and-stage-in-salonist","Unmapped","AuraShine source and UAT evidence has not been reviewed for this atomic capability."
"SAL-0253","salonist","Other Settings","Help Center","How to include dual invoice language?","https://help.salonist.io/en/articles/9532263-how-to-include-dual-invoice-language","help_article","https://help.salonist.io/en/articles/9532263-how-to-include-dual-invoice-language","Unmapped","AuraShine source and UAT evidence has not been reviewed for this atomic capability."
"SAL-0254","salonist","Getting Started","Help Center","What's the use of Dashboard ?","https://help.salonist.io/en/articles/9537224-what-s-the-use-of-dashboard","help_article","https://help.salonist.io/en/articles/9537224-what-s-the-use-of-dashboard","Unmapped","AuraShine source and UAT evidence has not been reviewed for this atomic capability."
"SAL-0255","salonist","Client Management","Help Center","How can I enable and disable notifications for individual client ?","https://help.salonist.io/en/articles/9538710-how-can-i-enable-and-disable-notifications-for-individual-client","help_article","https://help.salonist.io/en/articles/9538710-how-can-i-enable-and-disable-notifications-for-individual-client","Unmapped","AuraShine source and UAT evidence has not been reviewed for this atomic capability."
"SAL-0256","salonist","Other Settings","Help Center","How can I enable and disable email notification ?","https://help.salonist.io/en/articles/9539059-how-can-i-enable-and-disable-email-notification","help_article","https://help.salonist.io/en/articles/9539059-how-can-i-enable-and-disable-email-notification","Unmapped","AuraShine source and UAT evidence has not been reviewed for this atomic capability."
"SAL-0257","salonist","Other Settings","Help Center","How can the commission profile be unassigned?","https://help.salonist.io/en/articles/9539354-how-can-the-commission-profile-be-unassigned","help_article","https://help.salonist.io/en/articles/9539354-how-can-the-commission-profile-be-unassigned","Unmapped","AuraShine source and UAT evidence has not been reviewed for this atomic capability."
"SAL-0258","salonist","Integrations","Help Center","How a Salonist works with Shopify integration ?","https://help.salonist.io/en/articles/9564483-how-a-salonist-works-with-shopify-integration","help_article","https://help.salonist.io/en/articles/9564483-how-a-salonist-works-with-shopify-integration","Unmapped","AuraShine source and UAT evidence has not been reviewed for this atomic capability."
"SAL-0259","salonist","Client Management","Help Center","How can I view my clients' total visits?","https://help.salonist.io/en/articles/9581959-how-can-i-view-my-clients-total-visits","help_article","https://help.salonist.io/en/articles/9581959-how-can-i-view-my-clients-total-visits","Unmapped","AuraShine source and UAT evidence has not been reviewed for this atomic capability."
"SAL-0260","salonist","Client Management","Help Center","How we can check new clients details ?","https://help.salonist.io/en/articles/9582005-how-we-can-check-new-clients-details","help_article","https://help.salonist.io/en/articles/9582005-how-we-can-check-new-clients-details","Unmapped","AuraShine source and UAT evidence has not been reviewed for this atomic capability."
"SAL-0261","salonist","Client Management","Help Center","How we can check clients with particular membership ?","https://help.salonist.io/en/articles/9582379-how-we-can-check-clients-with-particular-membership","help_article","https://help.salonist.io/en/articles/9582379-how-we-can-check-clients-with-particular-membership","Unmapped","AuraShine source and UAT evidence has not been reviewed for this atomic capability."
"SAL-0262","salonist","Reports & Analysis","Help Center","How can I see the details of sales performance?","https://help.salonist.io/en/articles/9582437-how-can-i-see-the-details-of-sales-performance","help_article","https://help.salonist.io/en/articles/9582437-how-can-i-see-the-details-of-sales-performance","Unmapped","AuraShine source and UAT evidence has not been reviewed for this atomic capability."
"SAL-0263","salonist","Reports & Analysis","Help Center","How we can check Staff Performance details ?","https://help.salonist.io/en/articles/9582551-how-we-can-check-staff-performance-details","help_article","https://help.salonist.io/en/articles/9582551-how-we-can-check-staff-performance-details","Unmapped","AuraShine source and UAT evidence has not been reviewed for this atomic capability."
"SAL-0264","salonist","Reports & Analysis","Help Center","How can we view product details that are low or out of stock?","https://help.salonist.io/en/articles/9582824-how-can-we-view-product-details-that-are-low-or-out-of-stock","help_article","https://help.salonist.io/en/articles/9582824-how-can-we-view-product-details-that-are-low-or-out-of-stock","Unmapped","AuraShine source and UAT evidence has not been reviewed for this atomic capability."
"SAL-0265","salonist","Reports & Analysis","Help Center","How to view clients details about upcoming birthdays and anniversaries ?","https://help.salonist.io/en/articles/9582841-how-to-view-clients-details-about-upcoming-birthdays-and-anniversaries","help_article","https://help.salonist.io/en/articles/9582841-how-to-view-clients-details-about-upcoming-birthdays-and-anniversaries","Unmapped","AuraShine source and UAT evidence has not been reviewed for this atomic capability."
"SAL-0266","salonist","Booking Settings","Help Center","How does the admin function for appointment confirmation work?","https://help.salonist.io/en/articles/9582911-how-does-the-admin-function-for-appointment-confirmation-work","help_article","https://help.salonist.io/en/articles/9582911-how-does-the-admin-function-for-appointment-confirmation-work","Unmapped","AuraShine source and UAT evidence has not been reviewed for this atomic capability."
"SAL-0267","salonist","Booking Settings","Help Center","Where are the cancellation terms and business description added?","https://help.salonist.io/en/articles/9582976-where-are-the-cancellation-terms-and-business-description-added","help_article","https://help.salonist.io/en/articles/9582976-where-are-the-cancellation-terms-and-business-description-added","Unmapped","AuraShine source and UAT evidence has not been reviewed for this atomic capability."
"SAL-0268","salonist","Getting Started","Help Center","What's the difference between a generate gift card and an add gift card?","https://help.salonist.io/en/articles/9587019-what-s-the-difference-between-a-generate-gift-card-and-an-add-gift-card","help_article","https://help.salonist.io/en/articles/9587019-what-s-the-difference-between-a-generate-gift-card-and-an-add-gift-card","Unmapped","AuraShine source and UAT evidence has not been reviewed for this atomic capability."
"SAL-0269","salonist","Booking Settings","Help Center","How to Enable or Disable the business hours in booking page ?","https://help.salonist.io/en/articles/9587468-how-to-enable-or-disable-the-business-hours-in-booking-page","help_article","https://help.salonist.io/en/articles/9587468-how-to-enable-or-disable-the-business-hours-in-booking-page","Unmapped","AuraShine source and UAT evidence has not been reviewed for this atomic capability."
"SAL-0270","salonist","Inventory Management","Help Center","How is the barcode for the product added?","https://help.salonist.io/en/articles/9587498-how-is-the-barcode-for-the-product-added","help_article","https://help.salonist.io/en/articles/9587498-how-is-the-barcode-for-the-product-added","Unmapped","AuraShine source and UAT evidence has not been reviewed for this atomic capability."
"SAL-0271","salonist","Inventory Management","Help Center","How to edit and remove packages in salonist ?","https://help.salonist.io/en/articles/9614478-how-to-edit-and-remove-packages-in-salonist","help_article","https://help.salonist.io/en/articles/9614478-how-to-edit-and-remove-packages-in-salonist","Unmapped","AuraShine source and UAT evidence has not been reviewed for this atomic capability."
"SAL-0272","salonist","Other Settings","Help Center","How to edit and delete membership in salonist ?","https://help.salonist.io/en/articles/9625660-how-to-edit-and-delete-membership-in-salonist","help_article","https://help.salonist.io/en/articles/9625660-how-to-edit-and-delete-membership-in-salonist","Unmapped","AuraShine source and UAT evidence has not been reviewed for this atomic capability."
"SAL-0273","salonist","Other Settings","Help Center","How can I edit and remove the consent forms?","https://help.salonist.io/en/articles/9625700-how-can-i-edit-and-remove-the-consent-forms","help_article","https://help.salonist.io/en/articles/9625700-how-can-i-edit-and-remove-the-consent-forms","Unmapped","AuraShine source and UAT evidence has not been reviewed for this atomic capability."
"SAL-0274","salonist","Other Settings","Help Center","How can I find out how many clients have filled the consent form?","https://help.salonist.io/en/articles/9625787-how-can-i-find-out-how-many-clients-have-filled-the-consent-form","help_article","https://help.salonist.io/en/articles/9625787-how-can-i-find-out-how-many-clients-have-filled-the-consent-form","Unmapped","AuraShine source and UAT evidence has not been reviewed for this atomic capability."
"SAL-0275","salonist","Other Settings","Help Center","How can I find out which staff member receive service commission?","https://help.salonist.io/en/articles/9626209-how-can-i-find-out-which-staff-member-receive-service-commission","help_article","https://help.salonist.io/en/articles/9626209-how-can-i-find-out-which-staff-member-receive-service-commission","Unmapped","AuraShine source and UAT evidence has not been reviewed for this atomic capability."
"SAL-0276","salonist","Other Settings","Help Center","How to create gift card Invoice ?","https://help.salonist.io/en/articles/9626408-how-to-create-gift-card-invoice","help_article","https://help.salonist.io/en/articles/9626408-how-to-create-gift-card-invoice","Unmapped","AuraShine source and UAT evidence has not been reviewed for this atomic capability."
"SAL-0277","salonist","Marketing Settings","Help Center","What is the use of wait list ?","https://help.salonist.io/en/articles/9690607-what-is-the-use-of-wait-list","help_article","https://help.salonist.io/en/articles/9690607-what-is-the-use-of-wait-list","Unmapped","AuraShine source and UAT evidence has not been reviewed for this atomic capability."
"SAL-0278","salonist","Booking Settings","Help Center","How to add WhatsApp number on online booking page ?","https://help.salonist.io/en/articles/9738793-how-to-add-whatsapp-number-on-online-booking-page","help_article","https://help.salonist.io/en/articles/9738793-how-to-add-whatsapp-number-on-online-booking-page","Unmapped","AuraShine source and UAT evidence has not been reviewed for this atomic capability."
"SAL-0279","salonist","Inventory Management","Help Center","Difference between Cost, Full and selling price ?","https://help.salonist.io/en/articles/9759685-difference-between-cost-full-and-selling-price","help_article","https://help.salonist.io/en/articles/9759685-difference-between-cost-full-and-selling-price","Unmapped","AuraShine source and UAT evidence has not been reviewed for this atomic capability."
"SAL-0280","salonist","Staff Management","Help Center","Is it possible to restrict staff's ability to add items or make other changes to the items they can only accept and reject?","https://help.salonist.io/en/articles/9813072-is-it-possible-to-restrict-staff-s-ability-to-add-items-or-make-other-changes-to-the-items-they-can-only-accept-and-reject","help_article","https://help.salonist.io/en/articles/9813072-is-it-possible-to-restrict-staff-s-ability-to-add-items-or-make-other-changes-to-the-items-they-can-only-accept-and-reject","Unmapped","AuraShine source and UAT evidence has not been reviewed for this atomic capability."
"SAL-0281","salonist","Client Management","Help Center","How can we view details of Old clients?","https://help.salonist.io/en/articles/9813123-how-can-we-view-details-of-old-clients","help_article","https://help.salonist.io/en/articles/9813123-how-can-we-view-details-of-old-clients","Unmapped","AuraShine source and UAT evidence has not been reviewed for this atomic capability."
"SAL-0282","salonist","Market Place","Help Center","How to setup the account on Market Place","https://help.salonist.io/en/articles/9905705-how-to-setup-the-account-on-market-place","help_article","https://help.salonist.io/en/articles/9905705-how-to-setup-the-account-on-market-place","Unmapped","AuraShine source and UAT evidence has not been reviewed for this atomic capability."
"SAL-0283","salonist","Public feature","Feature page","Analytics Services Experience a new level of transparency and accuracy in salon's reporting with our solution.","https://salonist.io/features/analytics","feature_page","https://salonist.io/features/analytics","Unmapped","AuraShine source and UAT evidence has not been reviewed for this atomic capability."
"SAL-0284","salonist","Public feature","Feature page","Appointment Management A flexible software to book clients appointments from anywhere.","https://salonist.io/features/appointment","feature_page","https://salonist.io/features/appointment","Unmapped","AuraShine source and UAT evidence has not been reviewed for this atomic capability."
"SAL-0285","salonist","Public feature","Feature page","Customer Management Manage your customers like never before with Salonist","https://salonist.io/features/customer","feature_page","https://salonist.io/features/customer","Unmapped","AuraShine source and UAT evidence has not been reviewed for this atomic capability."
"SAL-0286","salonist","Public feature","Feature page","Employee Management Simplify employee management, maximizing success of your salon with all-in-one software.","https://salonist.io/features/employee","feature_page","https://salonist.io/features/employee","Unmapped","AuraShine source and UAT evidence has not been reviewed for this atomic capability."
"SAL-0287","salonist","Public feature","Feature page","Forms Create a Customize consent form as per your need by drag and drop form fields.","https://salonist.io/features/forms","feature_page","https://salonist.io/features/forms","Unmapped","AuraShine source and UAT evidence has not been reviewed for this atomic capability."
"SAL-0288","salonist","Public feature","Feature page","Gift Cards Offer easy and convenient gift ideas for your clients with gift card feature.","https://salonist.io/features/gift-cards","feature_page","https://salonist.io/features/gift-cards","Unmapped","AuraShine source and UAT evidence has not been reviewed for this atomic capability."
"SAL-0289","salonist","Public feature","Feature page","Integrations Seamlessly integrate Salonist with other apps for enhanced functionality","https://salonist.io/features/integrations","feature_page","https://salonist.io/features/integrations","Unmapped","AuraShine source and UAT evidence has not been reviewed for this atomic capability."
"SAL-0290","salonist","Public feature","Feature page","Inventory Management Effortlessly manage your salon product stock with Salonist software.","https://salonist.io/features/inventory","feature_page","https://salonist.io/features/inventory","Unmapped","AuraShine source and UAT evidence has not been reviewed for this atomic capability."
"SAL-0291","salonist","Public feature","Feature page","Locations/Branch Management Unlock the full potential of your multi-location business with our location management tool.","https://salonist.io/features/locations","feature_page","https://salonist.io/features/locations","Unmapped","AuraShine source and UAT evidence has not been reviewed for this atomic capability."
"SAL-0292","salonist","Public feature","Feature page","Marketing Automation Automate. Engage. Convert. Salonist makes it all possible.","https://salonist.io/features/marketing","feature_page","https://salonist.io/features/marketing","Unmapped","AuraShine source and UAT evidence has not been reviewed for this atomic capability."
"SAL-0293","salonist","Public feature","Feature page","Membership Program Offer flexible membership plans and subscriptions to boost client loyalty and build recurring revenue for your salon.","https://salonist.io/features/membership-program","feature_page","https://salonist.io/features/membership-program","Unmapped","AuraShine source and UAT evidence has not been reviewed for this atomic capability."
"SAL-0294","salonist","Public feature","Feature page","Online Store Elevating your salon's online presence and boosting sales with Salonist online store feature.","https://salonist.io/features/online-store","feature_page","https://salonist.io/features/online-store","Unmapped","AuraShine source and UAT evidence has not been reviewed for this atomic capability."
"SAL-0295","salonist","Public feature","Feature page","Online Booking Streamline your booking processes effectively and Book smarter, not harder.","https://salonist.io/features/onlinebooking","feature_page","https://salonist.io/features/onlinebooking","Unmapped","AuraShine source and UAT evidence has not been reviewed for this atomic capability."
"SAL-0296","salonist","Public feature","Feature page","Point of Sale Transform the way you manage your salon with our Salon POS technology.","https://salonist.io/features/point-sale","feature_page","https://salonist.io/features/point-sale","Unmapped","AuraShine source and UAT evidence has not been reviewed for this atomic capability."
"SAL-0297","salonist","Public feature","Feature page","Reward / Loyalty System Increase Salon referral customers with Salonist Reward / Loyalty Program.","https://salonist.io/features/reward-point","feature_page","https://salonist.io/features/reward-point","Unmapped","AuraShine source and UAT evidence has not been reviewed for this atomic capability."
"SAL-0298","salonist","Public feature","Feature page","Customize Mobile App Create a customize mobile app for your beauty business and grow your business online.","https://salonist.io/features/salon-booking-app","feature_page","https://salonist.io/features/salon-booking-app","Unmapped","AuraShine source and UAT evidence has not been reviewed for this atomic capability."
"SAL-0299","salonist","Public feature","Feature page","SalonistPay All in one solution to get paid, fast and secure.","https://salonist.io/features/salonistpay","feature_page","https://salonist.io/features/salonistpay","Unmapped","AuraShine source and UAT evidence has not been reviewed for this atomic capability."
